Time,Postmile (Abs),Postmile (CA),VDS,Speed,# Lane Points,% Observed
0:00,24.06,.11,771826,69.58,288,100.00
0:00,24.55,.6,717696,68.22,288,100.00
0:00,25.05,1.1,718219,68.43,288,100.00
0:00,25.68,1.73,717701,68.12,288,95.83
0:00,26.40,2.45,717703,63.93,288,0.00
0:00,26.69,2.74,718227,67.93,360,0.00
0:00,27.23,3.28,717706,71.33,360,90.00
0:00,27.39,3.44,717709,70.48,360,100.00
0:00,27.77,3.82,716632,70.93,360,100.00
0:00,28.16,4.21,771845,56.08,360,81.94
0:00,28.52,4.57,717711,64.00,288,0.00
0:00,28.76,4.81,717713,67.55,288,100.00
0:00,28.87,4.92,717715,68.12,288,100.00
0:00,29.41,5.46,717717,68.68,360,80.00
0:00,29.76,5.99,717719,66.80,360,0.00
0:00,30.04,6.27,717720,68.00,288,100.00
0:00,30.33,6.56,717721,66.67,360,0.00
0:00,30.55,6.78,771863,70.62,432,100.00
0:00,30.99,7.22,717723,68.28,288,100.00
0:00,31.40,7.63,771877,66.62,216,100.00
0:00,31.79,8.02,717727,69.80,288,100.00
0:00,32.22,8.45,771898,69.57,360,100.00
0:00,32.46,8.69,717729,69.48,360,100.00
0:00,32.86,9.09,771915,71.02,360,100.00
0:00,33.24,9.47,718251,65.57,288,0.00
0:00,33.80,10.03,775936,68.23,288,100.00
0:00,34.43,10.66,717733,68.13,288,100.00
0:00,34.67,10.9,771939,68.45,288,100.00
0:00,35.09,11.32,717735,68.37,288,100.00
0:00,35.59,11.82,716659,69.20,360,0.00
0:00,35.82,12.05,766505,66.30,360,0.00
0:00,36.34,12.57,718259,67.90,360,80.00
0:00,36.95,13.18,716663,69.78,288,100.00
0:00,37.08,13.31,717740,69.17,360,100.00
0:00,37.58,13.81,717742,67.00,288,0.00
0:00,38.11,14.34,717744,65.15,288,50.00
0:00,38.73,14.96,716670,66.72,288,100.00
0:00,39.20,15.43,718266,67.45,288,100.00
0:00,39.77,16,718267,66.43,288,75.00
0:00,40.43,16.66,717750,62.40,288,0.00
0:00,40.78,17.01,717752,66.47,288,94.44
0:00,41.29,17.52,717755,66.10,288,70.83
0:00,41.97,18.2,717758,67.50,288,100.00
0:00,42.12,18.35,717760,68.30,288,95.49
0:00,42.93,19.16,717763,66.55,288,100.00
0:00,43.13,19.36,717765,66.33,288,100.00
0:00,43.34,19.57,716689,68.10,360,80.00
0:00,43.90,20.13,717769,67.80,288,100.00
0:00,44.16,20.39,761455,66.87,288,75.00
0:00,44.37,20.6,716694,68.20,360,80.00
0:00,45.14,R21.365,759427,67.75,288,100.00
0:00,46.45,22.68,761482,62.68,432,0.00
0:00,46.47,22.7,761492,62.97,432,0.00
0:00,47.13,23.36,717776,66.03,288,100.00
0:00,47.24,23.47,717777,61.80,288,100.00
0:00,47.38,23.61,764583,63.58,288,0.00
0:00,48.02,24.25,717779,64.33,288,0.00
0:00,48.87,25.1,771969,67.27,288,100.00
0:00,49.18,25.41,718291,70.72,360,93.33
0:00,49.77,26,769496,66.95,288,70.83
0:00,49.92,26.15,718292,65.35,288,66.67
0:00,50.61,26.84,768643,69.08,360,100.00
0:00,51.12,27.35,717787,70.52,360,100.00
0:00,51.58,27.81,717790,67.87,360,0.00
0:00,51.87,28.1,772437,69.80,432,100.00
0:00,52.29,28.52,716714,68.78,360,99.72
0:00,52.31,28.54,772455,64.75,360,0.00
0:00,52.93,29.16,718500,65.92,288,75.00
0:00,53.27,29.5,768969,68.45,288,100.00
0:00,53.90,30.13,717794,67.28,360,76.67
0:00,54.24,30.47,716720,68.93,432,100.00
0:00,54.72,30.95,717797,69.38,360,100.00
0:00,55.07,31.3,775155,66.63,432,83.33
0:00,55.34,31.57,717798,70.58,360,100.00
0:00,55.88,32.11,775261,69.07,360,93.33
0:00,56.17,32.4,717799,67.32,288,100.00
0:00,56.73,32.96,717800,70.23,360,100.00
0:00,57.19,33.42,717801,70.35,360,100.00
0:00,57.96,34.19,775137,70.27,360,100.00
0:00,58.48,34.71,717804,69.62,360,100.00
0:00,58.99,35.22,775183,68.22,360,100.00
0:00,59.57,35.8,716733,68.73,360,80.00
0:00,60.17,36.4,775120,67.72,360,30.00
0:00,60.70,36.93,717806,68.45,360,100.00
0:00,61.34,37.57,716738,65.02,432,83.33
0:00,61.91,38.14,716739,66.43,432,100.00
0:00,62.19,38.42,775225,68.07,432,100.00
0:00,63.77,40,767812,65.83,288,0.00
0:00,64.10,40.33,717818,67.27,288,95.83
0:00,64.67,40.9,767351,63.65,288,0.00
0:00,65.25,41.48,717819,67.67,288,100.00
0:00,66.23,42.46,717823,66.30,288,93.06
0:00,66.97,43.2,767367,66.28,288,100.00
0:00,67.64,43.87,717825,67.18,288,100.00
0:00,68.64,44.87,717827,66.88,288,100.00
0:00,69.47,45.7,771808,65.45,288,75.00
0:00,69.97,46.2,771767,68.10,432,100.00
0:00,71.71,47.94,772011,67.75,216,100.00
0:00,72.07,48.3,772024,65.83,216,100.00
1:00,24.06,.11,771826,69.47,288,100.00
1:00,24.55,.6,717696,67.82,288,100.00
1:00,25.05,1.1,718219,68.02,288,100.00
1:00,25.68,1.73,717701,67.48,288,95.83
1:00,26.40,2.45,717703,63.48,288,0.00
1:00,26.69,2.74,718227,67.75,360,0.00
1:00,27.23,3.28,717706,70.87,360,90.00
1:00,27.39,3.44,717709,71.02,360,100.00
1:00,27.77,3.82,716632,70.75,360,100.00
1:00,28.16,4.21,771845,53.12,360,69.44
1:00,28.52,4.57,717711,64.30,288,0.00
1:00,28.76,4.81,717713,67.60,288,100.00
1:00,28.87,4.92,717715,67.93,288,100.00
1:00,29.41,5.46,717717,67.80,360,80.00
1:00,29.76,5.99,717719,66.13,360,0.00
1:00,30.04,6.27,717720,67.33,288,100.00
1:00,30.33,6.56,717721,66.63,360,0.00
1:00,30.55,6.78,771863,70.18,432,100.00
1:00,30.99,7.22,717723,67.78,288,100.00
1:00,31.40,7.63,771877,66.72,216,100.00
1:00,31.79,8.02,717727,69.50,288,100.00
1:00,32.22,8.45,771898,68.95,360,100.00
1:00,32.46,8.69,717729,68.97,360,100.00
1:00,32.86,9.09,771915,68.92,360,100.00
1:00,33.24,9.47,718251,64.95,288,0.00
1:00,33.80,10.03,775936,67.85,288,100.00
1:00,34.43,10.66,717733,66.85,288,100.00
1:00,34.67,10.9,771939,66.67,288,100.00
1:00,35.09,11.32,717735,68.03,288,100.00
1:00,35.59,11.82,716659,69.05,360,0.00
1:00,35.82,12.05,766505,66.15,360,0.00
1:00,36.34,12.57,718259,65.33,360,80.00
1:00,36.95,13.18,716663,67.75,288,100.00
1:00,37.08,13.31,717740,67.82,360,100.00
1:00,37.58,13.81,717742,66.17,288,0.00
1:00,38.11,14.34,717744,64.70,288,50.00
1:00,38.73,14.96,716670,65.80,288,100.00
1:00,39.20,15.43,718266,66.68,288,100.00
1:00,39.77,16,718267,66.00,288,75.00
1:00,40.43,16.66,717750,62.35,288,0.00
1:00,40.78,17.01,717752,66.45,288,95.83
1:00,41.29,17.52,717755,65.22,288,70.83
1:00,41.97,18.2,717758,66.93,288,100.00
1:00,42.12,18.35,717760,67.00,288,95.83
1:00,42.93,19.16,717763,66.50,288,100.00
1:00,43.13,19.36,717765,65.53,288,100.00
1:00,43.34,19.57,716689,66.88,360,80.00
1:00,43.90,20.13,717769,67.12,288,100.00
1:00,44.16,20.39,761455,66.20,288,75.00
1:00,44.37,20.6,716694,67.77,360,80.00
1:00,45.14,R21.365,759427,68.02,288,100.00
1:00,46.45,22.68,761482,62.67,432,0.00
1:00,46.47,22.7,761492,62.62,432,0.00
1:00,47.13,23.36,717776,64.57,288,100.00
1:00,47.24,23.47,717777,58.98,288,100.00
1:00,47.38,23.61,764583,63.07,288,0.00
1:00,48.02,24.25,717779,64.17,288,0.00
1:00,48.87,25.1,771969,67.22,288,100.00
1:00,49.18,25.41,718291,71.28,360,93.33
1:00,49.77,26,769496,66.50,288,70.83
1:00,49.92,26.15,718292,64.95,288,66.67
1:00,50.61,26.84,768643,69.15,360,100.00
1:00,51.12,27.35,717787,70.80,360,100.00
1:00,51.58,27.81,717790,68.18,360,0.00
1:00,51.87,28.1,772437,69.98,432,100.00
1:00,52.29,28.52,716714,69.82,360,100.00
1:00,52.31,28.54,772455,64.88,360,0.00
1:00,52.93,29.16,718500,66.00,288,75.00
1:00,53.27,29.5,768969,68.27,288,100.00
1:00,53.90,30.13,717794,67.43,360,76.67
1:00,54.24,30.47,716720,68.53,432,100.00
1:00,54.72,30.95,717797,69.22,360,100.00
1:00,55.07,31.3,775155,66.55,432,83.33
1:00,55.34,31.57,717798,70.75,360,100.00
1:00,55.88,32.11,775261,69.83,360,93.33
1:00,56.17,32.4,717799,67.12,288,100.00
1:00,56.73,32.96,717800,70.72,360,100.00
1:00,57.19,33.42,717801,70.80,360,100.00
1:00,57.96,34.19,775137,70.52,360,100.00
1:00,58.48,34.71,717804,70.48,360,100.00
1:00,58.99,35.22,775183,68.48,360,100.00
1:00,59.57,35.8,716733,68.52,360,80.00
1:00,60.17,36.4,775120,67.62,360,30.00
1:00,60.70,36.93,717806,68.68,360,100.00
1:00,61.34,37.57,716738,67.42,432,83.33
1:00,61.91,38.14,716739,68.83,432,100.00
1:00,62.19,38.42,775225,69.25,432,100.00
1:00,63.77,40,767812,66.23,288,0.00
1:00,64.10,40.33,717818,67.05,288,95.83
1:00,64.67,40.9,767351,63.52,288,0.00
1:00,65.25,41.48,717819,67.67,288,100.00
1:00,66.23,42.46,717823,67.33,288,100.00
1:00,66.97,43.2,767367,66.28,288,100.00
1:00,67.64,43.87,717825,67.47,288,100.00
1:00,68.64,44.87,717827,66.78,288,100.00
1:00,69.47,45.7,771808,65.37,288,75.00
1:00,69.97,46.2,771767,68.13,432,100.00
1:00,71.71,47.94,772011,68.10,216,100.00
1:00,72.07,48.3,772024,64.98,216,100.00
2:00,24.06,.11,771826,69.65,288,100.00
2:00,24.55,.6,717696,67.68,288,100.00
2:00,25.05,1.1,718219,67.78,288,100.00
2:00,25.68,1.73,717701,67.35,288,95.83
2:00,26.40,2.45,717703,63.47,288,0.00
2:00,26.69,2.74,718227,67.82,360,0.00
2:00,27.23,3.28,717706,70.72,360,90.00
2:00,27.39,3.44,717709,68.88,360,100.00
2:00,27.77,3.82,716632,70.68,360,100.00
2:00,28.16,4.21,771845,49.37,360,90.28
2:00,28.52,4.57,717711,64.58,288,0.00
2:00,28.76,4.81,717713,67.87,288,100.00
2:00,28.87,4.92,717715,68.07,288,100.00
2:00,29.41,5.46,717717,67.77,360,80.00
2:00,29.76,5.99,717719,66.08,360,0.00
2:00,30.04,6.27,717720,67.48,288,100.00
2:00,30.33,6.56,717721,66.68,360,0.00
2:00,30.55,6.78,771863,70.35,432,100.00
2:00,30.99,7.22,717723,68.00,288,100.00
2:00,31.40,7.63,771877,66.02,216,100.00
2:00,31.79,8.02,717727,69.03,288,100.00
2:00,32.22,8.45,771898,68.38,360,100.00
2:00,32.46,8.69,717729,68.70,360,100.00
2:00,32.86,9.09,771915,70.13,360,100.00
2:00,33.24,9.47,718251,65.28,288,0.00
2:00,33.80,10.03,775936,67.67,288,100.00
2:00,34.43,10.66,717733,66.95,288,100.00
2:00,34.67,10.9,771939,66.87,288,100.00
2:00,35.09,11.32,717735,68.32,288,100.00
2:00,35.59,11.82,716659,68.97,360,0.00
2:00,35.82,12.05,766505,66.30,360,0.00
2:00,36.34,12.57,718259,66.67,360,80.00
2:00,36.95,13.18,716663,67.45,288,100.00
2:00,37.08,13.31,717740,68.12,360,100.00
2:00,37.58,13.81,717742,66.52,288,0.00
2:00,38.11,14.34,717744,64.78,288,50.00
2:00,38.73,14.96,716670,65.62,288,100.00
2:00,39.20,15.43,718266,66.80,288,100.00
2:00,39.77,16,718267,65.87,288,75.00
2:00,40.43,16.66,717750,61.93,288,0.00
2:00,40.78,17.01,717752,66.30,288,95.83
2:00,41.29,17.52,717755,65.22,288,70.83
2:00,41.97,18.2,717758,66.55,288,100.00
2:00,42.12,18.35,717760,66.20,288,95.49
2:00,42.93,19.16,717763,66.55,288,100.00
2:00,43.13,19.36,717765,65.17,288,100.00
2:00,43.34,19.57,716689,66.22,360,80.00
2:00,43.90,20.13,717769,66.62,288,100.00
2:00,44.16,20.39,761455,66.22,288,75.00
2:00,44.37,20.6,716694,67.40,360,80.00
2:00,45.14,R21.365,759427,67.63,288,100.00
2:00,46.45,22.68,761482,62.63,432,0.00
2:00,46.47,22.7,761492,62.50,432,0.00
2:00,47.13,23.36,717776,64.55,288,100.00
2:00,47.24,23.47,717777,57.97,288,100.00
2:00,47.38,23.61,764583,62.85,288,0.00
2:00,48.02,24.25,717779,64.33,288,0.00
2:00,48.87,25.1,771969,67.42,288,100.00
2:00,49.18,25.41,718291,70.82,360,93.33
2:00,49.77,26,769496,65.73,288,70.83
2:00,49.92,26.15,718292,65.67,288,66.67
2:00,50.61,26.84,768643,68.33,360,100.00
2:00,51.12,27.35,717787,70.25,360,100.00
2:00,51.58,27.81,717790,67.52,360,0.00
2:00,51.87,28.1,772437,69.57,432,100.00
2:00,52.29,28.52,716714,68.75,360,100.00
2:00,52.31,28.54,772455,64.68,360,0.00
2:00,52.93,29.16,718500,65.67,288,75.00
2:00,53.27,29.5,768969,68.13,288,100.00
2:00,53.90,30.13,717794,66.38,360,76.67
2:00,54.24,30.47,716720,68.42,432,100.00
2:00,54.72,30.95,717797,69.37,360,100.00
2:00,55.07,31.3,775155,66.45,432,83.33
2:00,55.34,31.57,717798,70.73,360,100.00
2:00,55.88,32.11,775261,69.42,360,93.33
2:00,56.17,32.4,717799,65.60,288,100.00
2:00,56.73,32.96,717800,70.77,360,100.00
2:00,57.19,33.42,717801,70.92,360,100.00
2:00,57.96,34.19,775137,71.07,360,100.00
2:00,58.48,34.71,717804,70.00,360,100.00
2:00,58.99,35.22,775183,67.78,360,100.00
2:00,59.57,35.8,716733,68.85,360,80.00
2:00,60.17,36.4,775120,68.12,360,30.00
2:00,60.70,36.93,717806,68.62,360,100.00
2:00,61.34,37.57,716738,67.48,432,83.33
2:00,61.91,38.14,716739,68.97,432,100.00
2:00,62.19,38.42,775225,69.65,432,100.00
2:00,63.77,40,767812,66.42,288,0.00
2:00,64.10,40.33,717818,67.23,288,95.83
2:00,64.67,40.9,767351,64.03,288,0.00
2:00,65.25,41.48,717819,67.80,288,100.00
2:00,66.23,42.46,717823,67.47,288,100.00
2:00,66.97,43.2,767367,66.32,288,100.00
2:00,67.64,43.87,717825,67.73,288,100.00
2:00,68.64,44.87,717827,66.77,288,100.00
2:00,69.47,45.7,771808,66.08,288,75.00
2:00,69.97,46.2,771767,68.58,432,100.00
2:00,71.71,47.94,772011,68.03,216,100.00
2:00,72.07,48.3,772024,64.25,216,100.00
3:00,24.06,.11,771826,69.50,288,100.00
3:00,24.55,.6,717696,68.25,288,100.00
3:00,25.05,1.1,718219,68.30,288,100.00
3:00,25.68,1.73,717701,67.85,288,95.83
3:00,26.40,2.45,717703,63.42,288,0.00
3:00,26.69,2.74,718227,67.83,360,0.00
3:00,27.23,3.28,717706,71.27,360,90.00
3:00,27.39,3.44,717709,69.75,360,100.00
3:00,27.77,3.82,716632,71.08,360,100.00
3:00,28.16,4.21,771845,49.28,360,100.00
3:00,28.52,4.57,717711,64.22,288,0.00
3:00,28.76,4.81,717713,68.52,288,100.00
3:00,28.87,4.92,717715,68.53,288,100.00
3:00,29.41,5.46,717717,68.33,360,80.00
3:00,29.76,5.99,717719,66.22,360,0.00
3:00,30.04,6.27,717720,68.13,288,100.00
3:00,30.33,6.56,717721,66.52,360,0.00
3:00,30.55,6.78,771863,70.85,432,100.00
3:00,30.99,7.22,717723,68.15,288,100.00
3:00,31.40,7.63,771877,66.52,216,100.00
3:00,31.79,8.02,717727,69.47,288,100.00
3:00,32.22,8.45,771898,69.70,360,100.00
3:00,32.46,8.69,717729,69.13,360,100.00
3:00,32.86,9.09,771915,69.55,360,100.00
3:00,33.24,9.47,718251,65.08,288,0.00
3:00,33.80,10.03,775936,68.37,288,100.00
3:00,34.43,10.66,717733,67.17,288,100.00
3:00,34.67,10.9,771939,67.22,288,100.00
3:00,35.09,11.32,717735,67.33,288,100.00
3:00,35.59,11.82,716659,69.23,360,0.00
3:00,35.82,12.05,766505,66.38,360,0.00
3:00,36.34,12.57,718259,66.03,360,80.00
3:00,36.95,13.18,716663,66.58,288,100.00
3:00,37.08,13.31,717740,68.07,360,100.00
3:00,37.58,13.81,717742,66.50,288,0.00
3:00,38.11,14.34,717744,64.60,288,50.00
3:00,38.73,14.96,716670,65.18,288,100.00
3:00,39.20,15.43,718266,66.48,288,100.00
3:00,39.77,16,718267,65.12,288,75.00
3:00,40.43,16.66,717750,61.62,288,0.00
3:00,40.78,17.01,717752,66.28,288,95.83
3:00,41.29,17.52,717755,64.53,288,70.83
3:00,41.97,18.2,717758,66.67,288,100.00
3:00,42.12,18.35,717760,67.98,288,95.83
3:00,42.93,19.16,717763,66.02,288,100.00
3:00,43.13,19.36,717765,65.18,288,100.00
3:00,43.34,19.57,716689,66.23,360,80.00
3:00,43.90,20.13,717769,65.98,288,100.00
3:00,44.16,20.39,761455,64.88,288,75.00
3:00,44.37,20.6,716694,66.80,360,80.00
3:00,45.14,R21.365,759427,67.30,288,100.00
3:00,46.45,22.68,761482,62.23,432,0.00
3:00,46.47,22.7,761492,61.03,432,0.00
3:00,47.13,23.36,717776,64.40,288,100.00
3:00,47.24,23.47,717777,61.20,288,100.00
3:00,47.38,23.61,764583,62.65,288,0.00
3:00,48.02,24.25,717779,64.28,288,0.00
3:00,48.87,25.1,771969,66.02,288,100.00
3:00,49.18,25.41,718291,70.57,360,90.56
3:00,49.77,26,769496,65.17,288,70.83
3:00,49.92,26.15,718292,64.57,288,64.58
3:00,50.61,26.84,768643,67.92,360,100.00
3:00,51.12,27.35,717787,69.43,360,100.00
3:00,51.58,27.81,717790,66.70,360,0.00
3:00,51.87,28.1,772437,68.57,432,100.00
3:00,52.29,28.52,716714,68.48,360,100.00
3:00,52.31,28.54,772455,64.23,360,0.00
3:00,52.93,29.16,718500,65.17,288,75.00
3:00,53.27,29.5,768969,67.82,288,100.00
3:00,53.90,30.13,717794,66.98,360,76.67
3:00,54.24,30.47,716720,69.17,432,100.00
3:00,54.72,30.95,717797,68.32,360,100.00
3:00,55.07,31.3,775155,64.87,432,83.33
3:00,55.34,31.57,717798,70.10,360,99.72
3:00,55.88,32.11,775261,68.92,360,93.33
3:00,56.17,32.4,717799,66.72,288,100.00
3:00,56.73,32.96,717800,70.07,360,100.00
3:00,57.19,33.42,717801,70.23,360,100.00
3:00,57.96,34.19,775137,71.77,360,100.00
3:00,58.48,34.71,717804,69.15,360,100.00
3:00,58.99,35.22,775183,67.10,360,100.00
3:00,59.57,35.8,716733,67.62,360,80.00
3:00,60.17,36.4,775120,67.57,360,30.00
3:00,60.70,36.93,717806,68.12,360,100.00
3:00,61.34,37.57,716738,67.40,432,82.87
3:00,61.91,38.14,716739,68.17,432,100.00
3:00,62.19,38.42,775225,69.53,432,100.00
3:00,63.77,40,767812,66.12,288,0.00
3:00,64.10,40.33,717818,66.48,288,95.83
3:00,64.67,40.9,767351,63.58,288,0.00
3:00,65.25,41.48,717819,67.05,288,100.00
3:00,66.23,42.46,717823,67.48,288,100.00
3:00,66.97,43.2,767367,65.45,288,100.00
3:00,67.64,43.87,717825,67.40,288,100.00
3:00,68.64,44.87,717827,66.13,288,100.00
3:00,69.47,45.7,771808,65.25,288,75.00
3:00,69.97,46.2,771767,68.22,432,100.00
3:00,71.71,47.94,772011,67.63,216,100.00
3:00,72.07,48.3,772024,66.53,216,100.00
4:00,24.06,.11,771826,67.82,284,100.00
4:00,24.55,.6,717696,68.58,284,100.00
4:00,25.05,1.1,718219,69.07,284,100.00
4:00,25.68,1.73,717701,68.37,284,95.42
4:00,26.40,2.45,717703,63.53,284,0.00
4:00,26.69,2.74,718227,67.98,355,0.00
4:00,27.23,3.28,717706,72.25,355,89.86
4:00,27.39,3.44,717709,70.07,355,100.00
4:00,27.77,3.82,716632,72.00,355,100.00
4:00,28.16,4.21,771845,54.52,355,100.00
4:00,28.52,4.57,717711,65.00,284,0.00
4:00,28.76,4.81,717713,69.58,284,100.00
4:00,28.87,4.92,717715,69.65,284,100.00
4:00,29.41,5.46,717717,70.70,355,80.00
4:00,29.76,5.99,717719,67.38,355,0.00
4:00,30.04,6.27,717720,69.35,284,100.00
4:00,30.33,6.56,717721,66.42,355,0.00
4:00,30.55,6.78,771863,71.57,426,100.00
4:00,30.99,7.22,717723,69.57,284,100.00
4:00,31.40,7.63,771877,66.80,213,100.00
4:00,31.79,8.02,717727,69.52,284,100.00
4:00,32.22,8.45,771898,70.97,355,100.00
4:00,32.46,8.69,717729,71.23,355,100.00
4:00,32.86,9.09,771915,68.85,355,100.00
4:00,33.24,9.47,718251,64.97,284,0.00
4:00,33.80,10.03,775936,69.32,284,100.00
4:00,34.43,10.66,717733,69.18,284,100.00
4:00,34.67,10.9,771939,68.30,284,100.00
4:00,35.09,11.32,717735,67.95,284,100.00
4:00,35.59,11.82,716659,68.95,355,0.00
4:00,35.82,12.05,766505,66.63,355,0.00
4:00,36.34,12.57,718259,68.75,355,80.00
4:00,36.95,13.18,716663,68.73,284,100.00
4:00,37.08,13.31,717740,70.25,355,100.00
4:00,37.58,13.81,717742,67.78,284,0.00
4:00,38.11,14.34,717744,66.73,284,50.70
4:00,38.73,14.96,716670,68.48,284,100.00
4:00,39.20,15.43,718266,69.07,284,100.00
4:00,39.77,16,718267,67.82,284,75.00
4:00,40.43,16.66,717750,64.38,284,0.00
4:00,40.78,17.01,717752,69.00,284,95.77
4:00,41.29,17.52,717755,67.77,284,70.77
4:00,41.97,18.2,717758,68.93,284,100.00
4:00,42.12,18.35,717760,69.45,284,95.77
4:00,42.93,19.16,717763,66.90,284,100.00
4:00,43.13,19.36,717765,67.13,284,100.00
4:00,43.34,19.57,716689,67.98,355,80.00
4:00,43.90,20.13,717769,67.73,284,100.00
4:00,44.16,20.39,761455,66.10,284,75.00
4:00,44.37,20.6,716694,68.93,355,80.00
4:00,45.14,R21.365,759427,68.00,284,100.00
4:00,46.45,22.68,761482,62.22,426,0.00
4:00,46.47,22.7,761492,62.08,426,0.00
4:00,47.13,23.36,717776,67.27,284,100.00
4:00,47.24,23.47,717777,67.10,284,100.00
4:00,47.38,23.61,764583,63.62,284,0.00
4:00,48.02,24.25,717779,64.25,284,0.00
4:00,48.87,25.1,771969,66.53,284,100.00
4:00,49.18,25.41,718291,71.00,355,93.24
4:00,49.77,26,769496,67.17,284,70.77
4:00,49.92,26.15,718292,66.18,284,66.90
4:00,50.61,26.84,768643,69.50,355,100.00
4:00,51.12,27.35,717787,70.15,355,100.00
4:00,51.58,27.81,717790,66.98,355,0.00
4:00,51.87,28.1,772437,69.42,426,100.00
4:00,52.29,28.52,716714,69.57,355,100.00
4:00,52.31,28.54,772455,64.62,355,0.00
4:00,52.93,29.16,718500,65.52,284,75.00
4:00,53.27,29.5,768969,68.38,284,100.00
4:00,53.90,30.13,717794,68.20,355,76.90
4:00,54.24,30.47,716720,70.63,426,100.00
4:00,54.72,30.95,717797,68.83,355,100.00
4:00,55.07,31.3,775155,65.98,426,83.33
4:00,55.34,31.57,717798,70.57,355,100.00
4:00,55.88,32.11,775261,69.25,355,93.52
4:00,56.17,32.4,717799,67.88,284,100.00
4:00,56.73,32.96,717800,70.77,355,100.00
4:00,57.19,33.42,717801,70.93,355,100.00
4:00,57.96,34.19,775137,69.63,355,100.00
4:00,58.48,34.71,717804,69.87,355,100.00
4:00,58.99,35.22,775183,69.50,355,100.00
4:00,59.57,35.8,716733,68.33,355,80.00
4:00,60.17,36.4,775120,67.63,355,29.58
4:00,60.70,36.93,717806,67.80,355,100.00
4:00,61.34,37.57,716738,66.48,426,83.10
4:00,61.91,38.14,716739,67.72,426,100.00
4:00,62.19,38.42,775225,69.23,426,100.00
4:00,63.77,40,767812,66.15,284,0.00
4:00,64.10,40.33,717818,66.68,284,95.77
4:00,64.67,40.9,767351,63.38,284,0.00
4:00,65.25,41.48,717819,67.08,284,100.00
4:00,66.23,42.46,717823,67.33,284,100.00
4:00,66.97,43.2,767367,65.20,284,100.00
4:00,67.64,43.87,717825,67.82,284,100.00
4:00,68.64,44.87,717827,65.83,284,100.00
4:00,69.47,45.7,771808,65.38,284,75.00
4:00,69.97,46.2,771767,68.25,426,100.00
4:00,71.71,47.94,772011,67.80,213,100.00
4:00,72.07,48.3,772024,67.10,213,100.00
5:00,24.06,.11,771826,63.53,288,100.00
5:00,24.55,.6,717696,63.60,288,100.00
5:00,25.05,1.1,718219,63.67,288,100.00
5:00,25.68,1.73,717701,62.18,288,95.83
5:00,26.40,2.45,717703,59.97,288,0.00
5:00,26.69,2.74,718227,64.95,360,0.00
5:00,27.23,3.28,717706,68.87,360,90.00
5:00,27.39,3.44,717709,68.98,360,100.00
5:00,27.77,3.82,716632,68.63,360,100.00
5:00,28.16,4.21,771845,57.50,360,97.22
5:00,28.52,4.57,717711,60.25,288,0.00
5:00,28.76,4.81,717713,64.27,288,100.00
5:00,28.87,4.92,717715,64.05,288,100.00
5:00,29.41,5.46,717717,63.88,360,80.00
5:00,29.76,5.99,717719,64.07,360,0.00
5:00,30.04,6.27,717720,64.02,288,100.00
5:00,30.33,6.56,717721,61.58,360,0.00
5:00,30.55,6.78,771863,60.47,432,98.61
5:00,30.99,7.22,717723,57.57,288,100.00
5:00,31.40,7.63,771877,61.50,216,98.61
5:00,31.79,8.02,717727,56.67,288,100.00
5:00,32.22,8.45,771898,57.82,360,100.00
5:00,32.46,8.69,717729,59.43,360,100.00
5:00,32.86,9.09,771915,69.93,360,100.00
5:00,33.24,9.47,718251,65.25,288,0.00
5:00,33.80,10.03,775936,68.87,288,100.00
5:00,34.43,10.66,717733,59.02,288,100.00
5:00,34.67,10.9,771939,57.85,288,100.00
5:00,35.09,11.32,717735,59.28,288,100.00
5:00,35.59,11.82,716659,63.37,360,0.00
5:00,35.82,12.05,766505,54.42,360,0.00
5:00,36.34,12.57,718259,53.72,360,80.00
5:00,36.95,13.18,716663,48.17,288,100.00
5:00,37.08,13.31,717740,52.02,360,100.00
5:00,37.58,13.81,717742,53.70,288,0.00
5:00,38.11,14.34,717744,60.10,288,50.00
5:00,38.73,14.96,716670,58.95,288,100.00
5:00,39.20,15.43,718266,60.20,288,100.00
5:00,39.77,16,718267,58.75,288,75.00
5:00,40.43,16.66,717750,56.07,288,0.00
5:00,40.78,17.01,717752,57.78,288,95.83
5:00,41.29,17.52,717755,56.22,288,70.83
5:00,41.97,18.2,717758,57.80,288,100.00
5:00,42.12,18.35,717760,58.70,288,95.83
5:00,42.93,19.16,717763,61.05,288,100.00
5:00,43.13,19.36,717765,62.27,288,100.00
5:00,43.34,19.57,716689,66.72,360,80.00
5:00,43.90,20.13,717769,67.32,288,100.00
5:00,44.16,20.39,761455,65.77,288,75.00
5:00,44.37,20.6,716694,69.10,360,80.00
5:00,45.14,R21.365,759427,67.73,288,100.00
5:00,46.45,22.68,761482,62.43,432,0.00
5:00,46.47,22.7,761492,62.43,432,0.00
5:00,47.13,23.36,717776,67.33,288,100.00
5:00,47.24,23.47,717777,66.58,288,100.00
5:00,47.38,23.61,764583,62.82,288,0.00
5:00,48.02,24.25,717779,62.75,288,0.00
5:00,48.87,25.1,771969,65.48,288,100.00
5:00,49.18,25.41,718291,67.72,360,93.33
5:00,49.77,26,769496,64.72,288,70.83
5:00,49.92,26.15,718292,64.50,288,66.67
5:00,50.61,26.84,768643,69.30,360,100.00
5:00,51.12,27.35,717787,69.22,360,100.00
5:00,51.58,27.81,717790,66.55,360,0.00
5:00,51.87,28.1,772437,68.52,432,100.00
5:00,52.29,28.52,716714,66.33,360,100.00
5:00,52.31,28.54,772455,63.05,360,0.00
5:00,52.93,29.16,718500,66.22,288,75.00
5:00,53.27,29.5,768969,68.03,288,100.00
5:00,53.90,30.13,717794,66.67,360,76.39
5:00,54.24,30.47,716720,68.77,432,100.00
5:00,54.72,30.95,717797,68.33,360,100.00
5:00,55.07,31.3,775155,65.65,432,83.33
5:00,55.34,31.57,717798,69.30,360,100.00
5:00,55.88,32.11,775261,68.68,360,93.33
5:00,56.17,32.4,717799,64.95,288,100.00
5:00,56.73,32.96,717800,69.98,360,100.00
5:00,57.19,33.42,717801,69.63,360,100.00
5:00,57.96,34.19,775137,68.28,360,100.00
5:00,58.48,34.71,717804,68.90,360,100.00
5:00,58.99,35.22,775183,68.65,360,100.00
5:00,59.57,35.8,716733,67.52,360,80.00
5:00,60.17,36.4,775120,66.88,360,30.00
5:00,60.70,36.93,717806,67.87,360,100.00
5:00,61.34,37.57,716738,66.47,432,82.87
5:00,61.91,38.14,716739,66.58,432,100.00
5:00,62.19,38.42,775225,67.68,432,100.00
5:00,63.77,40,767812,65.30,288,0.00
5:00,64.10,40.33,717818,66.12,288,95.83
5:00,64.67,40.9,767351,62.87,288,0.00
5:00,65.25,41.48,717819,66.63,288,100.00
5:00,66.23,42.46,717823,66.27,288,100.00
5:00,66.97,43.2,767367,64.42,288,100.00
5:00,67.64,43.87,717825,66.87,288,100.00
5:00,68.64,44.87,717827,65.05,288,100.00
5:00,69.47,45.7,771808,64.12,288,75.00
5:00,69.97,46.2,771767,66.33,432,100.00
5:00,71.71,47.94,772011,66.57,216,100.00
5:00,72.07,48.3,772024,63.75,216,100.00
6:00,24.06,.11,771826,49.48,288,100.00
6:00,24.55,.6,717696,51.40,288,100.00
6:00,25.05,1.1,718219,50.03,288,100.00
6:00,25.68,1.73,717701,46.57,288,95.83
6:00,26.40,2.45,717703,49.22,288,0.00
6:00,26.69,2.74,718227,55.68,360,0.00
6:00,27.23,3.28,717706,56.67,360,89.72
6:00,27.39,3.44,717709,54.53,360,100.00
6:00,27.77,3.82,716632,54.83,360,100.00
6:00,28.16,4.21,771845,48.38,360,98.61
6:00,28.52,4.57,717711,48.85,288,0.00
6:00,28.76,4.81,717713,51.95,288,100.00
6:00,28.87,4.92,717715,53.45,288,100.00
6:00,29.41,5.46,717717,53.50,360,80.00
6:00,29.76,5.99,717719,58.07,360,0.00
6:00,30.04,6.27,717720,58.02,288,100.00
6:00,30.33,6.56,717721,57.15,360,0.00
6:00,30.55,6.78,771863,58.67,432,100.00
6:00,30.99,7.22,717723,56.00,288,100.00
6:00,31.40,7.63,771877,57.57,216,100.00
6:00,31.79,8.02,717727,52.08,288,100.00
6:00,32.22,8.45,771898,52.85,360,100.00
6:00,32.46,8.69,717729,55.05,360,100.00
6:00,32.86,9.09,771915,66.72,360,100.00
6:00,33.24,9.47,718251,64.45,288,0.00
6:00,33.80,10.03,775936,68.37,288,100.00
6:00,34.43,10.66,717733,55.22,288,100.00
6:00,34.67,10.9,771939,55.22,288,100.00
6:00,35.09,11.32,717735,54.33,288,100.00
6:00,35.59,11.82,716659,60.02,360,0.00
6:00,35.82,12.05,766505,55.80,360,0.00
6:00,36.34,12.57,718259,54.53,360,80.00
6:00,36.95,13.18,716663,44.38,288,100.00
6:00,37.08,13.31,717740,38.53,360,100.00
6:00,37.58,13.81,717742,42.60,288,0.00
6:00,38.11,14.34,717744,34.40,288,50.00
6:00,38.73,14.96,716670,25.77,288,100.00
6:00,39.20,15.43,718266,23.72,288,100.00
6:00,39.77,16,718267,26.18,288,75.00
6:00,40.43,16.66,717750,30.58,288,0.00
6:00,40.78,17.01,717752,27.15,288,95.83
6:00,41.29,17.52,717755,27.53,288,70.83
6:00,41.97,18.2,717758,31.63,288,100.00
6:00,42.12,18.35,717760,33.75,288,95.83
6:00,42.93,19.16,717763,45.35,288,100.00
6:00,43.13,19.36,717765,49.23,288,100.00
6:00,43.34,19.57,716689,58.45,360,80.00
6:00,43.90,20.13,717769,62.27,288,100.00
6:00,44.16,20.39,761455,61.73,288,75.00
6:00,44.37,20.6,716694,64.58,360,80.00
6:00,45.14,R21.365,759427,32.17,288,100.00
6:00,46.45,22.68,761482,43.03,432,0.00
6:00,46.47,22.7,761492,44.45,432,0.00
6:00,47.13,23.36,717776,34.80,288,100.00
6:00,47.24,23.47,717777,33.37,288,100.00
6:00,47.38,23.61,764583,42.43,288,0.00
6:00,48.02,24.25,717779,45.15,288,0.00
6:00,48.87,25.1,771969,40.33,288,100.00
6:00,49.18,25.41,718291,35.40,360,93.33
6:00,49.77,26,769496,36.15,288,70.83
6:00,49.92,26.15,718292,33.07,288,66.67
6:00,50.61,26.84,768643,35.55,360,100.00
6:00,51.12,27.35,717787,39.73,360,100.00
6:00,51.58,27.81,717790,39.73,360,0.00
6:00,51.87,28.1,772437,42.05,432,100.00
6:00,52.29,28.52,716714,36.78,360,100.00
6:00,52.31,28.54,772455,44.38,360,0.00
6:00,52.93,29.16,718500,61.80,288,75.00
6:00,53.27,29.5,768969,62.97,288,100.00
6:00,53.90,30.13,717794,58.20,360,76.67
6:00,54.24,30.47,716720,66.73,432,100.00
6:00,54.72,30.95,717797,59.08,360,100.00
6:00,55.07,31.3,775155,54.78,432,83.33
6:00,55.34,31.57,717798,68.50,360,100.00
6:00,55.88,32.11,775261,67.95,360,93.33
6:00,56.17,32.4,717799,61.42,288,100.00
6:00,56.73,32.96,717800,69.62,360,100.00
6:00,57.19,33.42,717801,69.30,360,100.00
6:00,57.96,34.19,775137,66.72,360,100.00
6:00,58.48,34.71,717804,68.45,360,100.00
6:00,58.99,35.22,775183,68.13,360,100.00
6:00,59.57,35.8,716733,67.73,360,80.00
6:00,60.17,36.4,775120,66.45,360,30.00
6:00,60.70,36.93,717806,67.45,360,100.00
6:00,61.34,37.57,716738,63.07,432,83.33
6:00,61.91,38.14,716739,66.18,432,100.00
6:00,62.19,38.42,775225,66.37,432,100.00
6:00,63.77,40,767812,65.08,288,0.00
6:00,64.10,40.33,717818,67.00,288,95.83
6:00,64.67,40.9,767351,63.08,288,0.00
6:00,65.25,41.48,717819,67.53,288,100.00
6:00,66.23,42.46,717823,66.07,288,100.00
6:00,66.97,43.2,767367,64.80,288,100.00
6:00,67.64,43.87,717825,67.20,288,100.00
6:00,68.64,44.87,717827,65.40,288,100.00
6:00,69.47,45.7,771808,64.30,288,75.00
6:00,69.97,46.2,771767,66.63,432,100.00
6:00,71.71,47.94,772011,66.95,216,100.00
6:00,72.07,48.3,772024,60.22,216,100.00
7:00,24.06,.11,771826,39.73,288,100.00
7:00,24.55,.6,717696,41.00,288,100.00
7:00,25.05,1.1,718219,37.27,288,100.00
7:00,25.68,1.73,717701,34.55,288,95.83
7:00,26.40,2.45,717703,40.15,288,0.00
7:00,26.69,2.74,718227,44.87,360,0.00
7:00,27.23,3.28,717706,44.68,360,89.72
7:00,27.39,3.44,717709,39.98,360,100.00
7:00,27.77,3.82,716632,42.28,360,100.00
7:00,28.16,4.21,771845,37.38,360,97.22
7:00,28.52,4.57,717711,40.90,288,0.00
7:00,28.76,4.81,717713,43.33,288,100.00
7:00,28.87,4.92,717715,44.50,288,100.00
7:00,29.41,5.46,717717,45.45,360,80.00
7:00,29.76,5.99,717719,51.88,360,0.00
7:00,30.04,6.27,717720,48.50,288,100.00
7:00,30.33,6.56,717721,48.52,360,0.00
7:00,30.55,6.78,771863,43.60,432,100.00
7:00,30.99,7.22,717723,47.17,288,100.00
7:00,31.40,7.63,771877,47.63,216,100.00
7:00,31.79,8.02,717727,37.08,288,100.00
7:00,32.22,8.45,771898,42.83,360,100.00
7:00,32.46,8.69,717729,49.12,360,100.00
7:00,32.86,9.09,771915,57.78,360,100.00
7:00,33.24,9.47,718251,62.60,288,0.00
7:00,33.80,10.03,775936,68.33,288,100.00
7:00,34.43,10.66,717733,57.42,288,100.00
7:00,34.67,10.9,771939,56.83,288,100.00
7:00,35.09,11.32,717735,56.92,288,100.00
7:00,35.59,11.82,716659,61.30,360,0.00
7:00,35.82,12.05,766505,57.57,360,0.00
7:00,36.34,12.57,718259,56.72,360,80.00
7:00,36.95,13.18,716663,37.62,288,100.00
7:00,37.08,13.31,717740,30.75,360,100.00
7:00,37.58,13.81,717742,36.23,288,0.00
7:00,38.11,14.34,717744,34.68,288,50.00
7:00,38.73,14.96,716670,26.18,288,100.00
7:00,39.20,15.43,718266,23.85,288,100.00
7:00,39.77,16,718267,26.85,288,75.00
7:00,40.43,16.66,717750,30.92,288,0.00
7:00,40.78,17.01,717752,27.95,288,95.83
7:00,41.29,17.52,717755,27.72,288,70.83
7:00,41.97,18.2,717758,33.77,288,100.00
7:00,42.12,18.35,717760,35.38,288,95.83
7:00,42.93,19.16,717763,46.98,288,100.00
7:00,43.13,19.36,717765,49.65,288,100.00
7:00,43.34,19.57,716689,58.73,360,80.00
7:00,43.90,20.13,717769,63.57,288,100.00
7:00,44.16,20.39,761455,63.05,288,75.00
7:00,44.37,20.6,716694,65.75,360,80.00
7:00,45.14,R21.365,759427,21.50,288,100.00
7:00,46.45,22.68,761482,33.75,432,0.00
7:00,46.47,22.7,761492,33.82,432,0.00
7:00,47.13,23.36,717776,19.92,288,100.00
7:00,47.24,23.47,717777,20.05,288,100.00
7:00,47.38,23.61,764583,31.08,288,0.00
7:00,48.02,24.25,717779,32.27,288,0.00
7:00,48.87,25.1,771969,24.05,288,100.00
7:00,49.18,25.41,718291,22.52,360,93.33
7:00,49.77,26,769496,22.47,288,70.83
7:00,49.92,26.15,718292,19.18,288,66.67
7:00,50.61,26.84,768643,25.57,360,100.00
7:00,51.12,27.35,717787,29.93,360,100.00
7:00,51.58,27.81,717790,29.88,360,0.00
7:00,51.87,28.1,772437,35.52,432,100.00
7:00,52.29,28.52,716714,33.40,360,100.00
7:00,52.31,28.54,772455,42.00,360,0.00
7:00,52.93,29.16,718500,58.35,288,75.00
7:00,53.27,29.5,768969,56.33,288,100.00
7:00,53.90,30.13,717794,50.30,360,76.67
7:00,54.24,30.47,716720,59.53,432,100.00
7:00,54.72,30.95,717797,54.92,360,100.00
7:00,55.07,31.3,775155,50.50,432,83.33
7:00,55.34,31.57,717798,66.15,360,100.00
7:00,55.88,32.11,775261,65.23,360,93.33
7:00,56.17,32.4,717799,57.98,288,100.00
7:00,56.73,32.96,717800,68.47,360,100.00
7:00,57.19,33.42,717801,67.60,360,100.00
7:00,57.96,34.19,775137,63.80,360,100.00
7:00,58.48,34.71,717804,67.82,360,100.00
7:00,58.99,35.22,775183,67.63,360,100.00
7:00,59.57,35.8,716733,63.80,360,81.39
7:00,60.17,36.4,775120,63.58,360,30.00
7:00,60.70,36.93,717806,62.37,360,100.00
7:00,61.34,37.57,716738,55.82,432,83.33
7:00,61.91,38.14,716739,58.65,432,100.00
7:00,62.19,38.42,775225,57.75,432,100.00
7:00,63.77,40,767812,59.85,288,0.00
7:00,64.10,40.33,717818,69.52,288,95.83
7:00,64.67,40.9,767351,64.78,288,0.00
7:00,65.25,41.48,717819,69.82,288,100.00
7:00,66.23,42.46,717823,66.08,288,98.61
7:00,66.97,43.2,767367,63.63,288,100.00
7:00,67.64,43.87,717825,66.03,288,100.00
7:00,68.64,44.87,717827,64.88,288,100.00
7:00,69.47,45.7,771808,64.23,288,75.00
7:00,69.97,46.2,771767,67.25,432,100.00
7:00,71.71,47.94,772011,63.92,216,100.00
7:00,72.07,48.3,772024,55.62,216,100.00
8:00,24.06,.11,771826,31.13,288,100.00
8:00,24.55,.6,717696,33.38,288,100.00
8:00,25.05,1.1,718219,32.17,288,100.00
8:00,25.68,1.73,717701,29.30,288,95.83
8:00,26.40,2.45,717703,36.17,288,0.00
8:00,26.69,2.74,718227,41.55,360,0.00
8:00,27.23,3.28,717706,40.52,360,90.00
8:00,27.39,3.44,717709,35.17,360,100.00
8:00,27.77,3.82,716632,38.58,360,100.00
8:00,28.16,4.21,771845,32.68,360,94.44
8:00,28.52,4.57,717711,36.72,288,0.00
8:00,28.76,4.81,717713,38.93,288,100.00
8:00,28.87,4.92,717715,39.08,288,100.00
8:00,29.41,5.46,717717,41.10,360,80.00
8:00,29.76,5.99,717719,49.00,360,0.00
8:00,30.04,6.27,717720,44.50,288,100.00
8:00,30.33,6.56,717721,44.93,360,0.00
8:00,30.55,6.78,771863,36.75,432,100.00
8:00,30.99,7.22,717723,43.78,288,100.00
8:00,31.40,7.63,771877,44.50,216,100.00
8:00,31.79,8.02,717727,33.65,288,100.00
8:00,32.22,8.45,771898,38.85,360,100.00
8:00,32.46,8.69,717729,45.17,360,100.00
8:00,32.86,9.09,771915,54.22,360,100.00
8:00,33.24,9.47,718251,60.92,288,0.00
8:00,33.80,10.03,775936,68.17,288,100.00
8:00,34.43,10.66,717733,51.65,288,100.00
8:00,34.67,10.9,771939,51.77,288,100.00
8:00,35.09,11.32,717735,49.90,288,100.00
8:00,35.59,11.82,716659,56.93,360,0.00
8:00,35.82,12.05,766505,54.28,360,0.00
8:00,36.34,12.57,718259,52.17,360,80.00
8:00,36.95,13.18,716663,35.73,288,100.00
8:00,37.08,13.31,717740,27.70,360,100.00
8:00,37.58,13.81,717742,32.75,288,0.00
8:00,38.11,14.34,717744,35.32,288,40.28
8:00,38.73,14.96,716670,24.40,288,100.00
8:00,39.20,15.43,718266,21.87,288,100.00
8:00,39.77,16,718267,25.37,288,75.00
8:00,40.43,16.66,717750,29.28,288,0.00
8:00,40.78,17.01,717752,25.57,288,95.83
8:00,41.29,17.52,717755,24.98,288,69.10
8:00,41.97,18.2,717758,29.97,288,100.00
8:00,42.12,18.35,717760,32.23,288,95.49
8:00,42.93,19.16,717763,42.65,288,94.44
8:00,43.13,19.36,717765,45.70,288,94.44
8:00,43.34,19.57,716689,55.10,360,80.00
8:00,43.90,20.13,717769,62.53,288,100.00
8:00,44.16,20.39,761455,62.38,288,70.83
8:00,44.37,20.6,716694,65.78,360,75.56
8:00,45.14,R21.365,759427,41.68,288,100.00
8:00,46.45,22.68,761482,48.55,432,0.00
8:00,46.47,22.7,761492,33.20,432,0.00
8:00,47.13,23.36,717776,19.42,288,100.00
8:00,47.24,23.47,717777,20.32,288,100.00
8:00,47.38,23.61,764583,31.28,288,0.00
8:00,48.02,24.25,717779,31.73,288,0.00
8:00,48.87,25.1,771969,22.38,288,100.00
8:00,49.18,25.41,718291,21.82,360,93.33
8:00,49.77,26,769496,21.82,288,70.83
8:00,49.92,26.15,718292,18.50,288,66.67
8:00,50.61,26.84,768643,24.05,360,100.00
8:00,51.12,27.35,717787,26.57,360,100.00
8:00,51.58,27.81,717790,26.67,360,0.00
8:00,51.87,28.1,772437,34.13,432,100.00
8:00,52.29,28.52,716714,33.67,360,100.00
8:00,52.31,28.54,772455,42.48,360,0.00
8:00,52.93,29.16,718500,56.53,288,75.00
8:00,53.27,29.5,768969,47.95,288,100.00
8:00,53.90,30.13,717794,43.03,360,76.67
8:00,54.24,30.47,716720,54.33,432,100.00
8:00,54.72,30.95,717797,44.73,360,100.00
8:00,55.07,31.3,775155,43.43,432,83.33
8:00,55.34,31.57,717798,66.13,360,100.00
8:00,55.88,32.11,775261,66.22,360,93.33
8:00,56.17,32.4,717799,53.47,288,100.00
8:00,56.73,32.96,717800,69.32,360,100.00
8:00,57.19,33.42,717801,68.48,360,100.00
8:00,57.96,34.19,775137,63.37,360,100.00
8:00,58.48,34.71,717804,67.35,360,100.00
8:00,58.99,35.22,775183,65.70,360,100.00
8:00,59.57,35.8,716733,59.95,360,82.78
8:00,60.17,36.4,775120,59.78,360,30.00
8:00,60.70,36.93,717806,58.60,360,100.00
8:00,61.34,37.57,716738,52.75,432,83.33
8:00,61.91,38.14,716739,55.23,432,100.00
8:00,62.19,38.42,775225,55.20,432,100.00
8:00,63.77,40,767812,59.25,288,0.00
8:00,64.10,40.33,717818,67.75,288,95.83
8:00,64.67,40.9,767351,63.72,288,0.00
8:00,65.25,41.48,717819,68.90,288,100.00
8:00,66.23,42.46,717823,65.65,288,98.61
8:00,66.97,43.2,767367,62.48,288,100.00
8:00,67.64,43.87,717825,66.00,288,100.00
8:00,68.64,44.87,717827,64.90,288,100.00
8:00,69.47,45.7,771808,62.63,288,75.00
8:00,69.97,46.2,771767,66.15,432,100.00
8:00,71.71,47.94,772011,65.65,216,100.00
8:00,72.07,48.3,772024,58.68,216,100.00
9:00,24.06,.11,771826,50.77,288,100.00
9:00,24.55,.6,717696,51.92,288,100.00
9:00,25.05,1.1,718219,50.25,288,100.00
9:00,25.68,1.73,717701,42.78,288,95.83
9:00,26.40,2.45,717703,46.38,288,0.00
9:00,26.69,2.74,718227,51.73,360,0.00
9:00,27.23,3.28,717706,51.97,360,90.00
9:00,27.39,3.44,717709,47.45,360,100.00
9:00,27.77,3.82,716632,48.77,360,100.00
9:00,28.16,4.21,771845,42.30,360,100.00
9:00,28.52,4.57,717711,43.23,288,0.00
9:00,28.76,4.81,717713,45.82,288,100.00
9:00,28.87,4.92,717715,46.42,288,100.00
9:00,29.41,5.46,717717,46.90,360,80.00
9:00,29.76,5.99,717719,53.77,360,0.00
9:00,30.04,6.27,717720,53.73,288,100.00
9:00,30.33,6.56,717721,53.43,360,0.00
9:00,30.55,6.78,771863,48.47,432,100.00
9:00,30.99,7.22,717723,47.10,288,100.00
9:00,31.40,7.63,771877,48.07,216,100.00
9:00,31.79,8.02,717727,37.87,288,100.00
9:00,32.22,8.45,771898,39.88,360,100.00
9:00,32.46,8.69,717729,43.92,360,100.00
9:00,32.86,9.09,771915,59.85,360,100.00
9:00,33.24,9.47,718251,60.98,288,0.00
9:00,33.80,10.03,775936,68.13,288,100.00
9:00,34.43,10.66,717733,50.50,288,100.00
9:00,34.67,10.9,771939,51.87,288,100.00
9:00,35.09,11.32,717735,53.47,288,100.00
9:00,35.59,11.82,716659,59.13,360,0.00
9:00,35.82,12.05,766505,58.35,360,0.00
9:00,36.34,12.57,718259,58.15,360,80.00
9:00,36.95,13.18,716663,45.35,288,100.00
9:00,37.08,13.31,717740,33.77,360,100.00
9:00,37.58,13.81,717742,38.07,288,0.00
9:00,38.11,14.34,717744,38.87,288,33.33
9:00,38.73,14.96,716670,26.58,288,100.00
9:00,39.20,15.43,718266,24.85,288,100.00
9:00,39.77,16,718267,27.82,288,75.00
9:00,40.43,16.66,717750,30.65,288,0.00
9:00,40.78,17.01,717752,27.47,288,94.44
9:00,41.29,17.52,717755,26.28,288,70.83
9:00,41.97,18.2,717758,31.88,288,100.00
9:00,42.12,18.35,717760,34.13,288,95.14
9:00,42.93,19.16,717763,40.17,288,83.33
9:00,43.13,19.36,717765,44.58,288,83.33
9:00,43.34,19.57,716689,54.60,360,80.00
9:00,43.90,20.13,717769,60.93,288,100.00
9:00,44.16,20.39,761455,60.82,288,62.50
9:00,44.37,20.6,716694,63.98,360,66.67
9:00,45.14,R21.365,759427,53.20,288,100.00
9:00,46.45,22.68,761482,54.75,432,0.00
9:00,46.47,22.7,761492,35.85,432,0.00
9:00,47.13,23.36,717776,23.23,288,100.00
9:00,47.24,23.47,717777,24.18,288,100.00
9:00,47.38,23.61,764583,33.42,288,0.00
9:00,48.02,24.25,717779,35.05,288,0.00
9:00,48.87,25.1,771969,26.07,288,100.00
9:00,49.18,25.41,718291,25.63,360,93.33
9:00,49.77,26,769496,23.48,288,70.83
9:00,49.92,26.15,718292,19.15,288,66.67
9:00,50.61,26.84,768643,23.62,360,100.00
9:00,51.12,27.35,717787,27.17,360,100.00
9:00,51.58,27.81,717790,27.27,360,0.00
9:00,51.87,28.1,772437,33.20,432,100.00
9:00,52.29,28.52,716714,31.40,360,100.00
9:00,52.31,28.54,772455,40.95,360,0.00
9:00,52.93,29.16,718500,52.88,288,75.00
9:00,53.27,29.5,768969,41.15,288,100.00
9:00,53.90,30.13,717794,39.77,360,76.67
9:00,54.24,30.47,716720,52.95,432,100.00
9:00,54.72,30.95,717797,44.85,360,100.00
9:00,55.07,31.3,775155,43.82,432,83.33
9:00,55.34,31.57,717798,64.28,360,100.00
9:00,55.88,32.11,775261,63.58,360,93.33
9:00,56.17,32.4,717799,53.37,288,100.00
9:00,56.73,32.96,717800,66.78,360,100.00
9:00,57.19,33.42,717801,65.70,360,100.00
9:00,57.96,34.19,775137,60.95,360,100.00
9:00,58.48,34.71,717804,65.17,360,100.00
9:00,58.99,35.22,775183,64.62,360,100.00
9:00,59.57,35.8,716733,64.25,360,80.00
9:00,60.17,36.4,775120,60.28,360,30.00
9:00,60.70,36.93,717806,58.10,360,100.00
9:00,61.34,37.57,716738,50.12,432,83.10
9:00,61.91,38.14,716739,54.67,432,100.00
9:00,62.19,38.42,775225,55.73,432,100.00
9:00,63.77,40,767812,58.68,288,0.00
9:00,64.10,40.33,717818,65.05,288,95.83
9:00,64.67,40.9,767351,61.75,288,0.00
9:00,65.25,41.48,717819,65.92,288,100.00
9:00,66.23,42.46,717823,64.50,288,100.00
9:00,66.97,43.2,767367,59.08,288,100.00
9:00,67.64,43.87,717825,64.32,288,100.00
9:00,68.64,44.87,717827,62.65,288,100.00
9:00,69.47,45.7,771808,60.57,288,75.00
9:00,69.97,46.2,771767,63.22,432,100.00
9:00,71.71,47.94,772011,66.73,216,100.00
9:00,72.07,48.3,772024,62.82,216,100.00
10:00,24.06,.11,771826,54.98,288,100.00
10:00,24.55,.6,717696,55.33,288,100.00
10:00,25.05,1.1,718219,56.52,288,100.00
10:00,25.68,1.73,717701,56.95,288,95.83
10:00,26.40,2.45,717703,54.17,288,0.00
10:00,26.69,2.74,718227,59.63,360,0.00
10:00,27.23,3.28,717706,62.03,360,90.00
10:00,27.39,3.44,717709,58.28,360,100.00
10:00,27.77,3.82,716632,59.20,360,100.00
10:00,28.16,4.21,771845,50.07,360,100.00
10:00,28.52,4.57,717711,54.23,288,0.00
10:00,28.76,4.81,717713,58.88,288,100.00
10:00,28.87,4.92,717715,59.28,288,100.00
10:00,29.41,5.46,717717,57.57,360,80.00
10:00,29.76,5.99,717719,60.40,360,0.00
10:00,30.04,6.27,717720,63.18,288,100.00
10:00,30.33,6.56,717721,61.48,360,0.00
10:00,30.55,6.78,771863,61.90,432,100.00
10:00,30.99,7.22,717723,59.95,288,100.00
10:00,31.40,7.63,771877,61.10,216,100.00
10:00,31.79,8.02,717727,61.55,288,100.00
10:00,32.22,8.45,771898,60.00,360,100.00
10:00,32.46,8.69,717729,59.58,360,100.00
10:00,32.86,9.09,771915,61.92,360,100.00
10:00,33.24,9.47,718251,61.32,288,0.00
10:00,33.80,10.03,775936,68.23,288,100.00
10:00,34.43,10.66,717733,57.95,288,100.00
10:00,34.67,10.9,771939,57.37,288,100.00
10:00,35.09,11.32,717735,59.18,288,100.00
10:00,35.59,11.82,716659,62.92,360,0.00
10:00,35.82,12.05,766505,61.57,360,0.00
10:00,36.34,12.57,718259,62.47,360,80.00
10:00,36.95,13.18,716663,53.55,288,100.00
10:00,37.08,13.31,717740,47.67,360,100.00
10:00,37.58,13.81,717742,48.53,288,0.00
10:00,38.11,14.34,717744,43.08,288,33.33
10:00,38.73,14.96,716670,35.97,288,100.00
10:00,39.20,15.43,718266,39.42,288,100.00
10:00,39.77,16,718267,39.35,288,75.00
10:00,40.43,16.66,717750,37.90,288,0.00
10:00,40.78,17.01,717752,33.52,288,95.83
10:00,41.29,17.52,717755,31.10,288,70.83
10:00,41.97,18.2,717758,35.32,288,100.00
10:00,42.12,18.35,717760,36.92,288,95.83
10:00,42.93,19.16,717763,41.88,288,90.28
10:00,43.13,19.36,717765,46.70,288,90.28
10:00,43.34,19.57,716689,54.97,360,80.00
10:00,43.90,20.13,717769,60.47,288,100.00
10:00,44.16,20.39,761455,60.25,288,67.71
10:00,44.37,20.6,716694,63.38,360,72.22
10:00,45.14,R21.365,759427,56.07,288,100.00
10:00,46.45,22.68,761482,55.78,432,0.00
10:00,46.47,22.7,761492,42.17,432,0.00
10:00,47.13,23.36,717776,32.33,288,100.00
10:00,47.24,23.47,717777,32.00,288,100.00
10:00,47.38,23.61,764583,39.48,288,0.00
10:00,48.02,24.25,717779,42.65,288,0.00
10:00,48.87,25.1,771969,35.93,288,100.00
10:00,49.18,25.41,718291,30.17,360,93.33
10:00,49.77,26,769496,29.28,288,70.83
10:00,49.92,26.15,718292,26.02,288,66.67
10:00,50.61,26.84,768643,27.48,360,100.00
10:00,51.12,27.35,717787,32.12,360,100.00
10:00,51.58,27.81,717790,32.18,360,0.00
10:00,51.87,28.1,772437,34.53,432,100.00
10:00,52.29,28.52,716714,31.10,360,100.00
10:00,52.31,28.54,772455,41.08,360,0.00
10:00,52.93,29.16,718500,55.52,288,75.00
10:00,53.27,29.5,768969,51.22,288,100.00
10:00,53.90,30.13,717794,46.53,360,75.83
10:00,54.24,30.47,716720,54.12,432,100.00
10:00,54.72,30.95,717797,53.87,360,100.00
10:00,55.07,31.3,775155,49.73,432,83.33
10:00,55.34,31.57,717798,63.07,360,100.00
10:00,55.88,32.11,775261,61.52,360,93.33
10:00,56.17,32.4,717799,53.35,288,100.00
10:00,56.73,32.96,717800,64.33,360,100.00
10:00,57.19,33.42,717801,63.40,360,100.00
10:00,57.96,34.19,775137,59.08,360,100.00
10:00,58.48,34.71,717804,59.83,360,100.00
10:00,58.99,35.22,775183,57.02,360,100.00
10:00,59.57,35.8,716733,54.37,360,83.61
10:00,60.17,36.4,775120,58.02,360,30.00
10:00,60.70,36.93,717806,58.88,360,100.00
10:00,61.34,37.57,716738,50.57,432,83.33
10:00,61.91,38.14,716739,56.37,432,100.00
10:00,62.19,38.42,775225,56.68,432,100.00
10:00,63.77,40,767812,59.30,288,0.00
10:00,64.10,40.33,717818,62.27,288,95.83
10:00,64.67,40.9,767351,59.87,288,0.00
10:00,65.25,41.48,717819,63.48,288,100.00
10:00,66.23,42.46,717823,63.10,288,100.00
10:00,66.97,43.2,767367,57.03,288,100.00
10:00,67.64,43.87,717825,62.17,288,100.00
10:00,68.64,44.87,717827,60.95,288,100.00
10:00,69.47,45.7,771808,59.18,288,75.00
10:00,69.97,46.2,771767,62.02,432,100.00
10:00,71.71,47.94,772011,64.28,216,100.00
10:00,72.07,48.3,772024,63.30,216,100.00
11:00,24.06,.11,771826,59.67,288,100.00
11:00,24.55,.6,717696,59.17,288,100.00
11:00,25.05,1.1,718219,58.80,288,100.00
11:00,25.68,1.73,717701,59.10,288,95.83
11:00,26.40,2.45,717703,55.15,288,0.00
11:00,26.69,2.74,718227,59.37,360,0.00
11:00,27.23,3.28,717706,60.82,360,90.00
11:00,27.39,3.44,717709,56.62,360,100.00
11:00,27.77,3.82,716632,58.83,360,100.00
11:00,28.16,4.21,771845,50.02,360,100.00
11:00,28.52,4.57,717711,53.07,288,0.00
11:00,28.76,4.81,717713,59.48,288,100.00
11:00,28.87,4.92,717715,59.68,288,100.00
11:00,29.41,5.46,717717,59.37,360,80.00
11:00,29.76,5.99,717719,61.25,360,0.00
11:00,30.04,6.27,717720,63.42,288,100.00
11:00,30.33,6.56,717721,62.30,360,0.00
11:00,30.55,6.78,771863,62.52,432,100.00
11:00,30.99,7.22,717723,61.62,288,100.00
11:00,31.40,7.63,771877,62.55,216,100.00
11:00,31.79,8.02,717727,64.75,288,100.00
11:00,32.22,8.45,771898,63.98,360,100.00
11:00,32.46,8.69,717729,64.27,360,100.00
11:00,32.86,9.09,771915,60.87,360,100.00
11:00,33.24,9.47,718251,61.27,288,0.00
11:00,33.80,10.03,775936,67.95,288,100.00
11:00,34.43,10.66,717733,55.20,288,100.00
11:00,34.67,10.9,771939,52.62,288,100.00
11:00,35.09,11.32,717735,51.65,288,100.00
11:00,35.59,11.82,716659,58.97,360,0.00
11:00,35.82,12.05,766505,59.33,360,0.00
11:00,36.34,12.57,718259,59.63,360,80.00
11:00,36.95,13.18,716663,55.58,288,100.00
11:00,37.08,13.31,717740,55.62,360,100.00
11:00,37.58,13.81,717742,54.50,288,0.00
11:00,38.11,14.34,717744,52.27,288,16.67
11:00,38.73,14.96,716670,49.95,288,100.00
11:00,39.20,15.43,718266,55.42,288,100.00
11:00,39.77,16,718267,56.00,288,75.00
11:00,40.43,16.66,717750,52.10,288,0.00
11:00,40.78,17.01,717752,51.80,288,95.83
11:00,41.29,17.52,717755,44.95,288,70.83
11:00,41.97,18.2,717758,45.08,288,100.00
11:00,42.12,18.35,717760,45.68,288,95.83
11:00,42.93,19.16,717763,48.45,288,100.00
11:00,43.13,19.36,717765,51.48,288,100.00
11:00,43.34,19.57,716689,58.60,360,80.00
11:00,43.90,20.13,717769,61.82,288,100.00
11:00,44.16,20.39,761455,61.17,288,75.00
11:00,44.37,20.6,716694,64.85,360,80.00
11:00,45.14,R21.365,759427,60.87,288,100.00
11:00,46.45,22.68,761482,58.43,432,0.00
11:00,46.47,22.7,761492,48.35,432,0.00
11:00,47.13,23.36,717776,43.18,288,100.00
11:00,47.24,23.47,717777,42.52,288,100.00
11:00,47.38,23.61,764583,46.32,288,0.00
11:00,48.02,24.25,717779,44.05,288,0.00
11:00,48.87,25.1,771969,37.80,288,100.00
11:00,49.18,25.41,718291,29.88,360,93.33
11:00,49.77,26,769496,31.50,288,70.83
11:00,49.92,26.15,718292,28.97,288,66.67
11:00,50.61,26.84,768643,29.83,360,100.00
11:00,51.12,27.35,717787,32.60,360,100.00
11:00,51.58,27.81,717790,33.07,360,0.00
11:00,51.87,28.1,772437,33.13,432,100.00
11:00,52.29,28.52,716714,29.53,360,100.00
11:00,52.31,28.54,772455,40.32,360,0.00
11:00,52.93,29.16,718500,56.53,288,75.00
11:00,53.27,29.5,768969,59.28,288,93.06
11:00,53.90,30.13,717794,51.45,360,71.11
11:00,54.24,30.47,716720,53.13,432,93.06
11:00,54.72,30.95,717797,59.55,360,93.06
11:00,55.07,31.3,775155,55.38,432,77.55
11:00,55.34,31.57,717798,62.25,360,93.06
11:00,55.88,32.11,775261,60.03,360,86.11
11:00,56.17,32.4,717799,50.55,288,93.06
11:00,56.73,32.96,717800,62.92,360,93.06
11:00,57.19,33.42,717801,62.50,360,93.06
11:00,57.96,34.19,775137,58.05,360,93.06
11:00,58.48,34.71,717804,62.90,360,93.06
11:00,58.99,35.22,775183,63.37,360,93.06
11:00,59.57,35.8,716733,60.70,360,78.61
11:00,60.17,36.4,775120,61.08,360,30.00
11:00,60.70,36.93,717806,61.47,360,93.06
11:00,61.34,37.57,716738,52.73,432,77.55
11:00,61.91,38.14,716739,59.55,432,93.06
11:00,62.19,38.42,775225,58.95,432,93.06
11:00,63.77,40,767812,59.50,288,0.00
11:00,64.10,40.33,717818,60.80,288,95.83
11:00,64.67,40.9,767351,58.67,288,0.00
11:00,65.25,41.48,717819,60.98,288,100.00
11:00,66.23,42.46,717823,62.05,288,100.00
11:00,66.97,43.2,767367,55.50,288,100.00
11:00,67.64,43.87,717825,57.58,288,100.00
11:00,68.64,44.87,717827,58.90,288,100.00
11:00,69.47,45.7,771808,57.92,288,75.00
11:00,69.97,46.2,771767,61.47,432,100.00
11:00,71.71,47.94,772011,62.53,216,100.00
11:00,72.07,48.3,772024,62.95,216,100.00
12:00,24.06,.11,771826,60.87,284,100.00
12:00,24.55,.6,717696,60.37,284,100.00
12:00,25.05,1.1,718219,60.25,288,100.00
12:00,25.68,1.73,717701,60.83,284,94.72
12:00,26.40,2.45,717703,56.32,284,0.00
12:00,26.69,2.74,718227,62.02,355,0.00
12:00,27.23,3.28,717706,64.67,360,90.00
12:00,27.39,3.44,717709,61.52,360,100.00
12:00,27.77,3.82,716632,61.73,360,100.00
12:00,28.16,4.21,771845,51.53,355,100.00
12:00,28.52,4.57,717711,55.02,288,0.00
12:00,28.76,4.81,717713,60.93,284,100.00
12:00,28.87,4.92,717715,61.60,288,100.00
12:00,29.41,5.46,717717,61.15,355,80.00
12:00,29.76,5.99,717719,62.43,360,0.00
12:00,30.04,6.27,717720,64.45,284,100.00
12:00,30.33,6.56,717721,62.98,355,0.00
12:00,30.55,6.78,771863,63.27,432,100.00
12:00,30.99,7.22,717723,62.23,288,100.00
12:00,31.40,7.63,771877,63.12,213,100.00
12:00,31.79,8.02,717727,65.53,284,100.00
12:00,32.22,8.45,771898,65.20,355,100.00
12:00,32.46,8.69,717729,65.52,360,100.00
12:00,32.86,9.09,771915,59.67,355,100.00
12:00,33.24,9.47,718251,60.70,284,0.00
12:00,33.80,10.03,775936,68.05,288,100.00
12:00,34.43,10.66,717733,63.00,284,100.00
12:00,34.67,10.9,771939,60.57,284,100.00
12:00,35.09,11.32,717735,58.62,288,100.00
12:00,35.59,11.82,716659,63.48,355,0.00
12:00,35.82,12.05,766505,63.07,355,0.00
12:00,36.34,12.57,718259,64.72,355,80.00
12:00,36.95,13.18,716663,58.72,288,100.00
12:00,37.08,13.31,717740,57.23,360,100.00
12:00,37.58,13.81,717742,56.33,288,0.00
12:00,38.11,14.34,717744,52.27,288,16.67
12:00,38.73,14.96,716670,50.40,284,100.00
12:00,39.20,15.43,718266,58.47,284,100.00
12:00,39.77,16,718267,59.47,284,75.00
12:00,40.43,16.66,717750,57.37,284,0.00
12:00,40.78,17.01,717752,61.25,288,95.83
12:00,41.29,17.52,717755,57.15,284,70.77
12:00,41.97,18.2,717758,57.37,288,100.00
12:00,42.12,18.35,717760,55.12,284,96.13
12:00,42.93,19.16,717763,48.40,288,100.00
12:00,43.13,19.36,717765,51.05,288,100.00
12:00,43.34,19.57,716689,58.67,360,80.00
12:00,43.90,20.13,717769,62.17,284,100.00
12:00,44.16,20.39,761455,61.48,288,75.00
12:00,44.37,20.6,716694,64.90,355,80.00
12:00,45.14,R21.365,759427,61.13,284,100.00
12:00,46.45,22.68,761482,58.50,432,0.00
12:00,46.47,22.7,761492,53.25,426,0.00
12:00,47.13,23.36,717776,51.73,288,100.00
12:00,47.24,23.47,717777,51.82,284,100.00
12:00,47.38,23.61,764583,52.82,288,0.00
12:00,48.02,24.25,717779,48.32,288,0.00
12:00,48.87,25.1,771969,43.42,288,100.00
12:00,49.18,25.41,718291,34.68,360,93.33
12:00,49.77,26,769496,34.82,284,70.77
12:00,49.92,26.15,718292,30.72,284,66.90
12:00,50.61,26.84,768643,31.75,355,100.00
12:00,51.12,27.35,717787,35.67,360,100.00
12:00,51.58,27.81,717790,36.08,355,0.00
12:00,51.87,28.1,772437,33.33,426,100.00
12:00,52.29,28.52,716714,29.20,355,100.00
12:00,52.31,28.54,772455,40.37,360,0.00
12:00,52.93,29.16,718500,56.68,284,75.00
12:00,53.27,29.5,768969,58.75,284,98.59
12:00,53.90,30.13,717794,49.15,355,76.06
12:00,54.24,30.47,716720,54.20,432,98.61
12:00,54.72,30.95,717797,57.03,360,98.61
12:00,55.07,31.3,775155,53.67,426,82.16
12:00,55.34,31.57,717798,59.55,355,98.59
12:00,55.88,32.11,775261,55.63,360,91.94
12:00,56.17,32.4,717799,49.92,284,98.59
12:00,56.73,32.96,717800,61.00,355,98.59
12:00,57.19,33.42,717801,60.88,360,98.61
12:00,57.96,34.19,775137,54.43,355,98.59
12:00,58.48,34.71,717804,61.75,355,98.59
12:00,58.99,35.22,775183,63.25,360,98.61
12:00,59.57,35.8,716733,59.17,355,83.38
12:00,60.17,36.4,775120,60.12,355,30.42
12:00,60.70,36.93,717806,60.42,355,98.59
12:00,61.34,37.57,716738,52.82,426,82.16
12:00,61.91,38.14,716739,57.70,426,98.59
12:00,62.19,38.42,775225,57.08,426,98.59
12:00,63.77,40,767812,58.83,284,0.00
12:00,64.10,40.33,717818,60.20,288,95.83
12:00,64.67,40.9,767351,58.10,284,0.00
12:00,65.25,41.48,717819,59.67,288,100.00
12:00,66.23,42.46,717823,61.42,284,100.00
12:00,66.97,43.2,767367,54.47,284,100.00
12:00,67.64,43.87,717825,59.62,288,100.00
12:00,68.64,44.87,717827,53.18,284,100.00
12:00,69.47,45.7,771808,55.57,284,75.00
12:00,69.97,46.2,771767,60.07,432,100.00
12:00,71.71,47.94,772011,61.82,213,100.00
12:00,72.07,48.3,772024,62.25,213,100.00
13:00,24.06,.11,771826,61.40,288,100.00
13:00,24.55,.6,717696,60.97,288,100.00
13:00,25.05,1.1,718219,60.25,288,100.00
13:00,25.68,1.73,717701,59.17,288,95.83
13:00,26.40,2.45,717703,55.75,288,0.00
13:00,26.69,2.74,718227,62.15,360,0.00
13:00,27.23,3.28,717706,64.33,360,89.44
13:00,27.39,3.44,717709,60.47,360,100.00
13:00,27.77,3.82,716632,62.68,360,100.00
13:00,28.16,4.21,771845,51.83,360,100.00
13:00,28.52,4.57,717711,54.47,288,0.00
13:00,28.76,4.81,717713,59.80,288,100.00
13:00,28.87,4.92,717715,59.82,288,100.00
13:00,29.41,5.46,717717,61.27,360,80.00
13:00,29.76,5.99,717719,62.48,360,0.00
13:00,30.04,6.27,717720,64.83,288,100.00
13:00,30.33,6.56,717721,63.22,360,0.00
13:00,30.55,6.78,771863,63.82,432,100.00
13:00,30.99,7.22,717723,62.87,288,100.00
13:00,31.40,7.63,771877,63.13,216,100.00
13:00,31.79,8.02,717727,65.63,288,100.00
13:00,32.22,8.45,771898,65.02,360,100.00
13:00,32.46,8.69,717729,65.90,360,100.00
13:00,32.86,9.09,771915,56.60,360,100.00
13:00,33.24,9.47,718251,59.75,288,0.00
13:00,33.80,10.03,775936,68.02,288,100.00
13:00,34.43,10.66,717733,64.30,288,100.00
13:00,34.67,10.9,771939,62.62,288,100.00
13:00,35.09,11.32,717735,63.07,288,100.00
13:00,35.59,11.82,716659,65.85,360,0.00
13:00,35.82,12.05,766505,64.12,360,0.00
13:00,36.34,12.57,718259,66.47,360,80.00
13:00,36.95,13.18,716663,63.67,288,100.00
13:00,37.08,13.31,717740,63.38,360,100.00
13:00,37.58,13.81,717742,61.92,288,0.00
13:00,38.11,14.34,717744,55.77,288,16.67
13:00,38.73,14.96,716670,55.55,288,100.00
13:00,39.20,15.43,718266,60.75,288,100.00
13:00,39.77,16,718267,59.57,288,75.00
13:00,40.43,16.66,717750,55.82,288,0.00
13:00,40.78,17.01,717752,57.22,288,95.83
13:00,41.29,17.52,717755,49.88,288,70.83
13:00,41.97,18.2,717758,50.60,288,100.00
13:00,42.12,18.35,717760,50.77,288,95.83
13:00,42.93,19.16,717763,50.98,288,100.00
13:00,43.13,19.36,717765,52.97,288,100.00
13:00,43.34,19.57,716689,60.02,360,80.00
13:00,43.90,20.13,717769,62.17,288,100.00
13:00,44.16,20.39,761455,61.48,288,75.00
13:00,44.37,20.6,716694,64.80,360,80.00
13:00,45.14,R21.365,759427,59.95,288,100.00
13:00,46.45,22.68,761482,57.97,432,0.00
13:00,46.47,22.7,761492,55.50,432,0.00
13:00,47.13,23.36,717776,55.52,288,100.00
13:00,47.24,23.47,717777,55.32,288,100.00
13:00,47.38,23.61,764583,55.48,288,0.00
13:00,48.02,24.25,717779,53.40,288,0.00
13:00,48.87,25.1,771969,50.60,288,100.00
13:00,49.18,25.41,718291,42.58,360,93.33
13:00,49.77,26,769496,40.55,288,70.83
13:00,49.92,26.15,718292,36.37,288,66.67
13:00,50.61,26.84,768643,34.73,360,100.00
13:00,51.12,27.35,717787,38.95,360,100.00
13:00,51.58,27.81,717790,38.78,360,0.00
13:00,51.87,28.1,772437,36.52,432,100.00
13:00,52.29,28.52,716714,30.47,360,100.00
13:00,52.31,28.54,772455,40.72,360,0.00
13:00,52.93,29.16,718500,55.13,288,75.00
13:00,53.27,29.5,768969,54.00,288,93.06
13:00,53.90,30.13,717794,44.38,360,73.89
13:00,54.24,30.47,716720,52.75,432,93.06
13:00,54.72,30.95,717797,53.07,360,93.06
13:00,55.07,31.3,775155,51.47,432,77.55
13:00,55.34,31.57,717798,48.38,360,93.06
13:00,55.88,32.11,775261,48.03,360,86.39
13:00,56.17,32.4,717799,52.75,288,93.06
13:00,56.73,32.96,717800,52.95,360,93.06
13:00,57.19,33.42,717801,50.65,360,93.06
13:00,57.96,34.19,775137,46.82,360,93.06
13:00,58.48,34.71,717804,57.50,360,93.06
13:00,58.99,35.22,775183,58.02,360,93.06
13:00,59.57,35.8,716733,56.12,360,78.89
13:00,60.17,36.4,775120,57.88,360,30.00
13:00,60.70,36.93,717806,57.82,360,93.06
13:00,61.34,37.57,716738,52.97,432,77.55
13:00,61.91,38.14,716739,57.62,432,93.06
13:00,62.19,38.42,775225,54.70,432,93.06
13:00,63.77,40,767812,57.85,288,0.00
13:00,64.10,40.33,717818,57.92,288,95.83
13:00,64.67,40.9,767351,56.53,288,0.00
13:00,65.25,41.48,717819,56.18,288,100.00
13:00,66.23,42.46,717823,59.28,288,100.00
13:00,66.97,43.2,767367,52.75,288,100.00
13:00,67.64,43.87,717825,56.15,288,100.00
13:00,68.64,44.87,717827,45.15,288,100.00
13:00,69.47,45.7,771808,55.28,288,75.00
13:00,69.97,46.2,771767,59.87,432,100.00
13:00,71.71,47.94,772011,60.95,216,100.00
13:00,72.07,48.3,772024,63.13,216,100.00
14:00,24.06,.11,771826,61.60,288,100.00
14:00,24.55,.6,717696,61.43,288,100.00
14:00,25.05,1.1,718219,60.42,288,100.00
14:00,25.68,1.73,717701,60.15,288,95.83
14:00,26.40,2.45,717703,56.72,288,0.00
14:00,26.69,2.74,718227,61.62,360,0.00
14:00,27.23,3.28,717706,63.98,360,90.00
14:00,27.39,3.44,717709,58.52,360,100.00
14:00,27.77,3.82,716632,60.28,360,100.00
14:00,28.16,4.21,771845,50.62,360,100.00
14:00,28.52,4.57,717711,53.78,288,0.00
14:00,28.76,4.81,717713,58.48,288,100.00
14:00,28.87,4.92,717715,58.55,288,100.00
14:00,29.41,5.46,717717,59.88,360,80.00
14:00,29.76,5.99,717719,62.10,360,0.00
14:00,30.04,6.27,717720,65.08,288,100.00
14:00,30.33,6.56,717721,63.27,360,0.00
14:00,30.55,6.78,771863,64.45,432,100.00
14:00,30.99,7.22,717723,63.52,288,100.00
14:00,31.40,7.63,771877,63.65,216,100.00
14:00,31.79,8.02,717727,65.37,288,100.00
14:00,32.22,8.45,771898,65.35,360,100.00
14:00,32.46,8.69,717729,65.77,360,100.00
14:00,32.86,9.09,771915,49.23,360,100.00
14:00,33.24,9.47,718251,55.60,288,0.00
14:00,33.80,10.03,775936,67.98,288,100.00
14:00,34.43,10.66,717733,64.10,288,100.00
14:00,34.67,10.9,771939,61.67,288,100.00
14:00,35.09,11.32,717735,62.95,288,100.00
14:00,35.59,11.82,716659,65.62,360,0.00
14:00,35.82,12.05,766505,64.52,360,0.00
14:00,36.34,12.57,718259,67.33,360,80.00
14:00,36.95,13.18,716663,64.22,288,100.00
14:00,37.08,13.31,717740,64.53,360,100.00
14:00,37.58,13.81,717742,63.02,288,0.00
14:00,38.11,14.34,717744,60.63,288,16.67
14:00,38.73,14.96,716670,62.42,288,100.00
14:00,39.20,15.43,718266,63.68,288,100.00
14:00,39.77,16,718267,61.52,288,75.00
14:00,40.43,16.66,717750,57.75,288,0.00
14:00,40.78,17.01,717752,58.83,288,95.83
14:00,41.29,17.52,717755,52.70,288,70.83
14:00,41.97,18.2,717758,51.55,288,100.00
14:00,42.12,18.35,717760,50.47,288,95.83
14:00,42.93,19.16,717763,51.12,288,100.00
14:00,43.13,19.36,717765,52.88,288,100.00
14:00,43.34,19.57,716689,58.55,360,80.00
14:00,43.90,20.13,717769,63.35,288,100.00
14:00,44.16,20.39,761455,62.58,288,75.00
14:00,44.37,20.6,716694,65.72,360,80.00
14:00,45.14,R21.365,759427,61.37,288,100.00
14:00,46.45,22.68,761482,58.77,432,0.00
14:00,46.47,22.7,761492,57.37,432,0.00
14:00,47.13,23.36,717776,58.85,288,100.00
14:00,47.24,23.47,717777,58.77,288,100.00
14:00,47.38,23.61,764583,57.83,288,0.00
14:00,48.02,24.25,717779,57.23,288,0.00
14:00,48.87,25.1,771969,56.83,288,100.00
14:00,49.18,25.41,718291,52.32,360,93.33
14:00,49.77,26,769496,49.02,288,70.83
14:00,49.92,26.15,718292,43.87,288,66.67
14:00,50.61,26.84,768643,35.53,360,100.00
14:00,51.12,27.35,717787,38.92,360,100.00
14:00,51.58,27.81,717790,39.23,360,0.00
14:00,51.87,28.1,772437,37.95,432,100.00
14:00,52.29,28.52,716714,32.60,360,100.00
14:00,52.31,28.54,772455,41.97,360,0.00
14:00,52.93,29.16,718500,49.85,288,75.00
14:00,53.27,29.5,768969,39.92,288,95.83
14:00,53.90,30.13,717794,32.10,360,75.00
14:00,54.24,30.47,716720,44.88,432,95.83
14:00,54.72,30.95,717797,36.25,360,95.83
14:00,55.07,31.3,775155,36.57,432,79.86
14:00,55.34,31.57,717798,25.82,360,95.83
14:00,55.88,32.11,775261,32.75,360,89.17
14:00,56.17,32.4,717799,54.23,288,95.83
14:00,56.73,32.96,717800,39.92,360,95.83
14:00,57.19,33.42,717801,37.18,360,95.83
14:00,57.96,34.19,775137,39.10,360,95.83
14:00,58.48,34.71,717804,50.32,360,95.83
14:00,58.99,35.22,775183,52.77,360,95.83
14:00,59.57,35.8,716733,52.55,360,78.61
14:00,60.17,36.4,775120,56.02,360,30.00
14:00,60.70,36.93,717806,55.13,360,95.83
14:00,61.34,37.57,716738,51.48,432,79.86
14:00,61.91,38.14,716739,52.22,432,95.83
14:00,62.19,38.42,775225,49.27,432,95.83
14:00,63.77,40,767812,52.55,288,0.00
14:00,64.10,40.33,717818,42.00,288,95.83
14:00,64.67,40.9,767351,47.60,288,0.00
14:00,65.25,41.48,717819,44.73,288,100.00
14:00,66.23,42.46,717823,41.28,288,100.00
14:00,66.97,43.2,767367,41.92,288,100.00
14:00,67.64,43.87,717825,39.03,288,100.00
14:00,68.64,44.87,717827,36.65,288,100.00
14:00,69.47,45.7,771808,54.72,288,75.00
14:00,69.97,46.2,771767,59.45,432,100.00
14:00,71.71,47.94,772011,58.73,216,100.00
14:00,72.07,48.3,772024,63.93,216,100.00
15:00,24.06,.11,771826,60.58,288,100.00
15:00,24.55,.6,717696,60.78,288,100.00
15:00,25.05,1.1,718219,60.28,288,100.00
15:00,25.68,1.73,717701,60.55,288,95.83
15:00,26.40,2.45,717703,58.27,288,0.00
15:00,26.69,2.74,718227,62.48,360,0.00
15:00,27.23,3.28,717706,64.78,360,90.00
15:00,27.39,3.44,717709,62.85,360,100.00
15:00,27.77,3.82,716632,62.30,360,100.00
15:00,28.16,4.21,771845,52.90,360,100.00
15:00,28.52,4.57,717711,56.20,288,0.00
15:00,28.76,4.81,717713,59.78,288,100.00
15:00,28.87,4.92,717715,59.80,288,100.00
15:00,29.41,5.46,717717,58.50,360,80.00
15:00,29.76,5.99,717719,61.93,360,0.00
15:00,30.04,6.27,717720,64.90,288,100.00
15:00,30.33,6.56,717721,62.83,360,0.00
15:00,30.55,6.78,771863,64.73,432,100.00
15:00,30.99,7.22,717723,63.20,288,100.00
15:00,31.40,7.63,771877,62.65,216,100.00
15:00,31.79,8.02,717727,64.35,288,100.00
15:00,32.22,8.45,771898,64.63,360,100.00
15:00,32.46,8.69,717729,65.07,360,100.00
15:00,32.86,9.09,771915,43.77,360,100.00
15:00,33.24,9.47,718251,54.82,288,0.00
15:00,33.80,10.03,775936,67.88,288,100.00
15:00,34.43,10.66,717733,63.57,288,100.00
15:00,34.67,10.9,771939,60.88,288,100.00
15:00,35.09,11.32,717735,62.95,288,100.00
15:00,35.59,11.82,716659,65.62,360,0.00
15:00,35.82,12.05,766505,64.07,360,0.00
15:00,36.34,12.57,718259,66.47,360,80.00
15:00,36.95,13.18,716663,65.33,288,100.00
15:00,37.08,13.31,717740,64.87,360,100.00
15:00,37.58,13.81,717742,63.40,288,0.00
15:00,38.11,14.34,717744,59.47,288,16.67
15:00,38.73,14.96,716670,61.05,288,100.00
15:00,39.20,15.43,718266,62.80,288,100.00
15:00,39.77,16,718267,62.48,288,75.00
15:00,40.43,16.66,717750,60.35,288,0.00
15:00,40.78,17.01,717752,64.63,288,95.83
15:00,41.29,17.52,717755,61.45,288,70.83
15:00,41.97,18.2,717758,62.78,288,100.00
15:00,42.12,18.35,717760,61.80,288,95.83
15:00,42.93,19.16,717763,55.38,288,100.00
15:00,43.13,19.36,717765,56.90,288,100.00
15:00,43.34,19.57,716689,62.90,360,80.00
15:00,43.90,20.13,717769,65.00,288,100.00
15:00,44.16,20.39,761455,64.30,288,75.00
15:00,44.37,20.6,716694,67.15,360,80.00
15:00,45.14,R21.365,759427,60.83,288,100.00
15:00,46.45,22.68,761482,58.35,432,0.00
15:00,46.47,22.7,761492,59.18,432,0.00
15:00,47.13,23.36,717776,61.78,288,100.00
15:00,47.24,23.47,717777,63.83,288,100.00
15:00,47.38,23.61,764583,60.52,288,0.00
15:00,48.02,24.25,717779,60.23,288,0.00
15:00,48.87,25.1,771969,61.23,288,100.00
15:00,49.18,25.41,718291,60.73,360,93.33
15:00,49.77,26,769496,58.50,288,70.83
15:00,49.92,26.15,718292,56.20,288,66.67
15:00,50.61,26.84,768643,46.08,360,100.00
15:00,51.12,27.35,717787,40.65,360,100.00
15:00,51.58,27.81,717790,40.95,360,0.00
15:00,51.87,28.1,772437,30.07,432,100.00
15:00,52.29,28.52,716714,25.12,360,100.00
15:00,52.31,28.54,772455,36.25,360,0.00
15:00,52.93,29.16,718500,35.87,288,75.00
15:00,53.27,29.5,768969,19.72,288,98.61
15:00,53.90,30.13,717794,22.18,360,76.11
15:00,54.24,30.47,716720,34.20,432,98.61
15:00,54.72,30.95,717797,23.55,360,98.61
15:00,55.07,31.3,775155,25.53,432,82.18
15:00,55.34,31.57,717798,24.97,360,98.61
15:00,55.88,32.11,775261,30.70,360,91.94
15:00,56.17,32.4,717799,56.57,288,98.61
15:00,56.73,32.96,717800,29.98,360,98.61
15:00,57.19,33.42,717801,32.35,360,98.61
15:00,57.96,34.19,775137,35.67,360,98.61
15:00,58.48,34.71,717804,42.52,360,98.61
15:00,58.99,35.22,775183,45.58,360,98.61
15:00,59.57,35.8,716733,46.47,360,85.00
15:00,60.17,36.4,775120,51.22,360,26.67
15:00,60.70,36.93,717806,46.63,360,98.61
15:00,61.34,37.57,716738,36.62,432,82.18
15:00,61.91,38.14,716739,30.78,432,98.61
15:00,62.19,38.42,775225,31.10,432,98.61
15:00,63.77,40,767812,39.55,288,0.00
15:00,64.10,40.33,717818,32.10,288,95.83
15:00,64.67,40.9,767351,39.43,288,0.00
15:00,65.25,41.48,717819,34.08,288,100.00
15:00,66.23,42.46,717823,31.00,288,100.00
15:00,66.97,43.2,767367,33.87,288,100.00
15:00,67.64,43.87,717825,29.17,288,100.00
15:00,68.64,44.87,717827,33.02,288,100.00
15:00,69.47,45.7,771808,54.05,288,75.00
15:00,69.97,46.2,771767,60.35,432,100.00
15:00,71.71,47.94,772011,37.90,216,100.00
15:00,72.07,48.3,772024,63.80,216,100.00
16:00,24.06,.11,771826,60.32,288,100.00
16:00,24.55,.6,717696,58.47,288,100.00
16:00,25.05,1.1,718219,56.27,288,100.00
16:00,25.68,1.73,717701,55.52,288,95.83
16:00,26.40,2.45,717703,55.57,288,0.00
16:00,26.69,2.74,718227,57.85,360,0.00
16:00,27.23,3.28,717706,57.93,360,90.00
16:00,27.39,3.44,717709,55.73,360,100.00
16:00,27.77,3.82,716632,55.55,360,100.00
16:00,28.16,4.21,771845,50.07,360,100.00
16:00,28.52,4.57,717711,51.18,288,0.00
16:00,28.76,4.81,717713,53.65,288,100.00
16:00,28.87,4.92,717715,53.55,288,100.00
16:00,29.41,5.46,717717,52.30,360,80.00
16:00,29.76,5.99,717719,59.38,360,0.00
16:00,30.04,6.27,717720,63.52,288,100.00
16:00,30.33,6.56,717721,61.87,360,0.00
16:00,30.55,6.78,771863,64.02,432,100.00
16:00,30.99,7.22,717723,61.65,288,100.00
16:00,31.40,7.63,771877,61.42,216,100.00
16:00,31.79,8.02,717727,63.42,288,100.00
16:00,32.22,8.45,771898,62.78,360,100.00
16:00,32.46,8.69,717729,62.07,360,100.00
16:00,32.86,9.09,771915,38.47,360,100.00
16:00,33.24,9.47,718251,51.35,288,0.00
16:00,33.80,10.03,775936,67.92,288,100.00
16:00,34.43,10.66,717733,60.62,288,100.00
16:00,34.67,10.9,771939,58.78,288,100.00
16:00,35.09,11.32,717735,60.78,288,100.00
16:00,35.59,11.82,716659,64.05,360,0.00
16:00,35.82,12.05,766505,61.93,360,0.00
16:00,36.34,12.57,718259,63.17,360,80.00
16:00,36.95,13.18,716663,57.35,288,100.00
16:00,37.08,13.31,717740,50.73,360,100.00
16:00,37.58,13.81,717742,52.30,288,0.00
16:00,38.11,14.34,717744,53.68,288,16.67
16:00,38.73,14.96,716670,51.82,288,100.00
16:00,39.20,15.43,718266,52.52,288,100.00
16:00,39.77,16,718267,53.28,288,75.00
16:00,40.43,16.66,717750,52.95,288,0.00
16:00,40.78,17.01,717752,54.90,288,95.83
16:00,41.29,17.52,717755,49.45,288,70.83
16:00,41.97,18.2,717758,47.45,288,100.00
16:00,42.12,18.35,717760,46.57,288,95.83
16:00,42.93,19.16,717763,50.28,288,100.00
16:00,43.13,19.36,717765,53.62,288,100.00
16:00,43.34,19.57,716689,60.85,360,80.00
16:00,43.90,20.13,717769,63.68,288,100.00
16:00,44.16,20.39,761455,63.30,288,75.00
16:00,44.37,20.6,716694,66.08,360,80.00
16:00,45.14,R21.365,759427,54.45,288,100.00
16:00,46.45,22.68,761482,54.78,432,0.00
16:00,46.47,22.7,761492,57.50,432,0.00
16:00,47.13,23.36,717776,58.83,288,100.00
16:00,47.24,23.47,717777,58.67,288,100.00
16:00,47.38,23.61,764583,57.78,288,0.00
16:00,48.02,24.25,717779,58.97,288,0.00
16:00,48.87,25.1,771969,59.92,288,100.00
16:00,49.18,25.41,718291,59.28,360,93.33
16:00,49.77,26,769496,58.77,288,70.83
16:00,49.92,26.15,718292,56.38,288,66.32
16:00,50.61,26.84,768643,55.32,360,100.00
16:00,51.12,27.35,717787,47.38,360,100.00
16:00,51.58,27.81,717790,46.52,360,0.00
16:00,51.87,28.1,772437,29.03,432,100.00
16:00,52.29,28.52,716714,22.30,360,100.00
16:00,52.31,28.54,772455,33.50,360,0.00
16:00,52.93,29.16,718500,28.62,288,75.00
16:00,53.27,29.5,768969,15.98,288,100.00
16:00,53.90,30.13,717794,18.75,360,76.11
16:00,54.24,30.47,716720,27.28,432,100.00
16:00,54.72,30.95,717797,18.98,360,100.00
16:00,55.07,31.3,775155,21.83,432,83.33
16:00,55.34,31.57,717798,21.73,360,100.00
16:00,55.88,32.11,775261,26.95,360,93.33
16:00,56.17,32.4,717799,56.20,288,100.00
16:00,56.73,32.96,717800,25.10,360,100.00
16:00,57.19,33.42,717801,27.73,360,100.00
16:00,57.96,34.19,775137,32.30,360,100.00
16:00,58.48,34.71,717804,35.05,360,100.00
16:00,58.99,35.22,775183,40.57,360,100.00
16:00,59.57,35.8,716733,35.20,360,90.83
16:00,60.17,36.4,775120,41.98,360,20.00
16:00,60.70,36.93,717806,32.42,360,100.00
16:00,61.34,37.57,716738,27.50,432,83.33
16:00,61.91,38.14,716739,20.58,432,100.00
16:00,62.19,38.42,775225,22.52,432,100.00
16:00,63.77,40,767812,33.13,288,0.00
16:00,64.10,40.33,717818,24.97,288,95.83
16:00,64.67,40.9,767351,34.18,288,0.00
16:00,65.25,41.48,717819,26.28,288,100.00
16:00,66.23,42.46,717823,24.50,288,100.00
16:00,66.97,43.2,767367,30.25,288,100.00
16:00,67.64,43.87,717825,27.00,288,100.00
16:00,68.64,44.87,717827,31.83,288,100.00
16:00,69.47,45.7,771808,52.32,288,75.00
16:00,69.97,46.2,771767,57.52,432,100.00
16:00,71.71,47.94,772011,21.03,216,100.00
16:00,72.07,48.3,772024,62.25,216,100.00
17:00,24.06,.11,771826,42.33,288,100.00
17:00,24.55,.6,717696,42.67,288,100.00
17:00,25.05,1.1,718219,42.47,288,100.00
17:00,25.68,1.73,717701,41.40,288,95.83
17:00,26.40,2.45,717703,45.35,288,0.00
17:00,26.69,2.74,718227,47.82,360,0.00
17:00,27.23,3.28,717706,46.85,360,90.00
17:00,27.39,3.44,717709,42.38,360,100.00
17:00,27.77,3.82,716632,46.38,360,100.00
17:00,28.16,4.21,771845,40.72,360,100.00
17:00,28.52,4.57,717711,43.40,288,0.00
17:00,28.76,4.81,717713,45.68,288,100.00
17:00,28.87,4.92,717715,48.58,288,100.00
17:00,29.41,5.46,717717,47.73,360,80.00
17:00,29.76,5.99,717719,54.33,360,0.00
17:00,30.04,6.27,717720,53.62,288,100.00
17:00,30.33,6.56,717721,53.20,360,0.00
17:00,30.55,6.78,771863,47.50,432,100.00
17:00,30.99,7.22,717723,50.20,288,100.00
17:00,31.40,7.63,771877,54.48,216,100.00
17:00,31.79,8.02,717727,50.08,288,100.00
17:00,32.22,8.45,771898,48.02,360,100.00
17:00,32.46,8.69,717729,49.35,360,100.00
17:00,32.86,9.09,771915,34.17,360,100.00
17:00,33.24,9.47,718251,47.02,288,0.00
17:00,33.80,10.03,775936,67.32,288,100.00
17:00,34.43,10.66,717733,48.75,288,100.00
17:00,34.67,10.9,771939,49.18,288,100.00
17:00,35.09,11.32,717735,50.83,288,100.00
17:00,35.59,11.82,716659,58.07,360,0.00
17:00,35.82,12.05,766505,56.28,360,0.00
17:00,36.34,12.57,718259,55.02,360,80.00
17:00,36.95,13.18,716663,33.75,288,100.00
17:00,37.08,13.31,717740,32.58,360,100.00
17:00,37.58,13.81,717742,34.77,288,0.00
17:00,38.11,14.34,717744,46.52,288,19.44
17:00,38.73,14.96,716670,39.10,288,100.00
17:00,39.20,15.43,718266,41.00,288,100.00
17:00,39.77,16,718267,42.85,288,75.00
17:00,40.43,16.66,717750,41.63,288,0.00
17:00,40.78,17.01,717752,38.20,288,95.83
17:00,41.29,17.52,717755,31.05,288,70.83
17:00,41.97,18.2,717758,33.37,288,100.00
17:00,42.12,18.35,717760,33.77,288,95.83
17:00,42.93,19.16,717763,38.95,288,100.00
17:00,43.13,19.36,717765,43.85,288,100.00
17:00,43.34,19.57,716689,54.53,360,80.00
17:00,43.90,20.13,717769,58.82,288,100.00
17:00,44.16,20.39,761455,59.12,288,75.00
17:00,44.37,20.6,716694,62.23,360,80.00
17:00,45.14,R21.365,759427,49.75,288,100.00
17:00,46.45,22.68,761482,51.27,432,0.00
17:00,46.47,22.7,761492,53.58,432,0.00
17:00,47.13,23.36,717776,51.77,288,100.00
17:00,47.24,23.47,717777,49.08,288,100.00
17:00,47.38,23.61,764583,51.17,288,0.00
17:00,48.02,24.25,717779,54.63,288,0.00
17:00,48.87,25.1,771969,54.62,288,100.00
17:00,49.18,25.41,718291,53.80,360,93.33
17:00,49.77,26,769496,54.57,288,70.83
17:00,49.92,26.15,718292,51.73,288,66.67
17:00,50.61,26.84,768643,53.38,360,100.00
17:00,51.12,27.35,717787,40.08,360,100.00
17:00,51.58,27.81,717790,39.52,360,0.00
17:00,51.87,28.1,772437,26.57,432,100.00
17:00,52.29,28.52,716714,22.53,360,100.00
17:00,52.31,28.54,772455,33.82,360,0.00
17:00,52.93,29.16,718500,31.17,288,75.00
17:00,53.27,29.5,768969,16.42,288,100.00
17:00,53.90,30.13,717794,17.28,360,76.11
17:00,54.24,30.47,716720,21.45,432,100.00
17:00,54.72,30.95,717797,17.90,360,100.00
17:00,55.07,31.3,775155,20.32,432,83.33
17:00,55.34,31.57,717798,19.68,360,100.00
17:00,55.88,32.11,775261,23.78,360,93.33
17:00,56.17,32.4,717799,49.93,288,100.00
17:00,56.73,32.96,717800,22.17,360,100.00
17:00,57.19,33.42,717801,24.47,360,100.00
17:00,57.96,34.19,775137,29.28,360,100.00
17:00,58.48,34.71,717804,30.55,360,100.00
17:00,58.99,35.22,775183,36.75,360,100.00
17:00,59.57,35.8,716733,29.33,360,93.33
17:00,60.17,36.4,775120,37.30,360,20.00
17:00,60.70,36.93,717806,25.57,360,100.00
17:00,61.34,37.57,716738,26.52,432,83.33
17:00,61.91,38.14,716739,20.55,432,100.00
17:00,62.19,38.42,775225,21.75,432,100.00
17:00,63.77,40,767812,31.67,288,0.00
17:00,64.10,40.33,717818,21.35,288,95.83
17:00,64.67,40.9,767351,30.77,288,0.00
17:00,65.25,41.48,717819,21.73,288,100.00
17:00,66.23,42.46,717823,22.63,288,100.00
17:00,66.97,43.2,767367,28.00,288,100.00
17:00,67.64,43.87,717825,24.55,288,100.00
17:00,68.64,44.87,717827,31.87,288,100.00
17:00,69.47,45.7,771808,48.33,288,75.00
17:00,69.97,46.2,771767,52.97,432,100.00
17:00,71.71,47.94,772011,18.13,216,100.00
17:00,72.07,48.3,772024,58.35,216,100.00
18:00,24.06,.11,771826,51.07,288,100.00
18:00,24.55,.6,717696,50.28,288,100.00
18:00,25.05,1.1,718219,51.13,288,100.00
18:00,25.68,1.73,717701,52.28,288,95.83
18:00,26.40,2.45,717703,53.57,288,0.00
18:00,26.69,2.74,718227,56.65,360,0.00
18:00,27.23,3.28,717706,57.50,360,88.33
18:00,27.39,3.44,717709,54.83,360,100.00
18:00,27.77,3.82,716632,56.12,360,100.00
18:00,28.16,4.21,771845,49.68,360,100.00
18:00,28.52,4.57,717711,49.12,288,0.00
18:00,28.76,4.81,717713,51.68,288,100.00
18:00,28.87,4.92,717715,53.62,288,100.00
18:00,29.41,5.46,717717,54.73,360,80.00
18:00,29.76,5.99,717719,58.38,360,0.00
18:00,30.04,6.27,717720,57.93,288,100.00
18:00,30.33,6.56,717721,57.28,360,0.00
18:00,30.55,6.78,771863,53.30,432,100.00
18:00,30.99,7.22,717723,52.95,288,100.00
18:00,31.40,7.63,771877,55.02,216,100.00
18:00,31.79,8.02,717727,50.57,288,100.00
18:00,32.22,8.45,771898,49.82,360,100.00
18:00,32.46,8.69,717729,51.65,360,100.00
18:00,32.86,9.09,771915,38.05,360,100.00
18:00,33.24,9.47,718251,51.52,288,0.00
18:00,33.80,10.03,775936,67.43,288,100.00
18:00,34.43,10.66,717733,51.98,288,100.00
18:00,34.67,10.9,771939,52.18,288,100.00
18:00,35.09,11.32,717735,52.22,288,100.00
18:00,35.59,11.82,716659,58.87,360,0.00
18:00,35.82,12.05,766505,59.52,360,0.00
18:00,36.34,12.57,718259,59.57,360,80.00
18:00,36.95,13.18,716663,47.48,288,100.00
18:00,37.08,13.31,717740,45.35,360,100.00
18:00,37.58,13.81,717742,46.13,288,0.00
18:00,38.11,14.34,717744,49.20,288,33.33
18:00,38.73,14.96,716670,42.10,288,100.00
18:00,39.20,15.43,718266,44.02,288,100.00
18:00,39.77,16,718267,44.87,288,75.00
18:00,40.43,16.66,717750,43.03,288,0.00
18:00,40.78,17.01,717752,40.42,288,95.83
18:00,41.29,17.52,717755,36.05,288,70.83
18:00,41.97,18.2,717758,39.73,288,100.00
18:00,42.12,18.35,717760,38.97,288,95.83
18:00,42.93,19.16,717763,45.32,288,100.00
18:00,43.13,19.36,717765,47.90,288,100.00
18:00,43.34,19.57,716689,56.23,360,80.00
18:00,43.90,20.13,717769,59.20,288,100.00
18:00,44.16,20.39,761455,59.00,288,75.00
18:00,44.37,20.6,716694,60.98,360,80.00
18:00,45.14,R21.365,759427,51.12,288,100.00
18:00,46.45,22.68,761482,52.15,432,0.00
18:00,46.47,22.7,761492,54.77,432,0.00
18:00,47.13,23.36,717776,53.50,288,100.00
18:00,47.24,23.47,717777,50.40,288,100.00
18:00,47.38,23.61,764583,52.87,288,0.00
18:00,48.02,24.25,717779,56.43,288,0.00
18:00,48.87,25.1,771969,56.68,288,100.00
18:00,49.18,25.41,718291,56.73,360,93.33
18:00,49.77,26,769496,56.32,288,70.49
18:00,49.92,26.15,718292,53.35,288,66.67
18:00,50.61,26.84,768643,50.43,360,100.00
18:00,51.12,27.35,717787,36.93,360,100.00
18:00,51.58,27.81,717790,36.72,360,0.00
18:00,51.87,28.1,772437,31.53,432,100.00
18:00,52.29,28.52,716714,27.65,360,100.00
18:00,52.31,28.54,772455,38.22,360,0.00
18:00,52.93,29.16,718500,41.55,288,75.00
18:00,53.27,29.5,768969,29.68,288,100.00
18:00,53.90,30.13,717794,20.02,360,76.11
18:00,54.24,30.47,716720,23.27,432,100.00
18:00,54.72,30.95,717797,19.23,360,100.00
18:00,55.07,31.3,775155,21.87,432,83.33
18:00,55.34,31.57,717798,19.70,360,100.00
18:00,55.88,32.11,775261,24.12,360,93.33
18:00,56.17,32.4,717799,52.08,288,100.00
18:00,56.73,32.96,717800,22.47,360,100.00
18:00,57.19,33.42,717801,25.30,360,100.00
18:00,57.96,34.19,775137,30.90,360,100.00
18:00,58.48,34.71,717804,30.17,360,100.00
18:00,58.99,35.22,775183,37.87,360,100.00
18:00,59.57,35.8,716733,32.67,360,89.44
18:00,60.17,36.4,775120,40.73,360,20.00
18:00,60.70,36.93,717806,31.27,360,100.00
18:00,61.34,37.57,716738,30.07,432,83.33
18:00,61.91,38.14,716739,23.95,432,100.00
18:00,62.19,38.42,775225,25.50,432,100.00
18:00,63.77,40,767812,35.67,288,0.00
18:00,64.10,40.33,717818,25.72,288,95.83
18:00,64.67,40.9,767351,34.53,288,0.00
18:00,65.25,41.48,717819,25.80,288,100.00
18:00,66.23,42.46,717823,24.53,288,100.00
18:00,66.97,43.2,767367,31.30,288,100.00
18:00,67.64,43.87,717825,28.18,288,87.50
18:00,68.64,44.87,717827,30.48,288,100.00
18:00,69.47,45.7,771808,45.83,288,75.00
18:00,69.97,46.2,771767,53.72,432,100.00
18:00,71.71,47.94,772011,27.57,216,100.00
18:00,72.07,48.3,772024,61.00,216,100.00
19:00,24.06,.11,771826,61.43,288,100.00
19:00,24.55,.6,717696,60.25,288,100.00
19:00,25.05,1.1,718219,60.42,288,100.00
19:00,25.68,1.73,717701,62.42,288,95.83
19:00,26.40,2.45,717703,59.82,288,0.00
19:00,26.69,2.74,718227,62.72,360,0.00
19:00,27.23,3.28,717706,65.05,360,90.00
19:00,27.39,3.44,717709,63.08,360,100.00
19:00,27.77,3.82,716632,63.47,360,100.00
19:00,28.16,4.21,771845,55.82,360,86.11
19:00,28.52,4.57,717711,58.13,288,0.00
19:00,28.76,4.81,717713,61.00,288,100.00
19:00,28.87,4.92,717715,61.92,288,100.00
19:00,29.41,5.46,717717,62.15,360,80.00
19:00,29.76,5.99,717719,62.97,360,0.00
19:00,30.04,6.27,717720,63.47,288,100.00
19:00,30.33,6.56,717721,61.92,360,0.00
19:00,30.55,6.78,771863,64.48,432,95.83
19:00,30.99,7.22,717723,62.18,288,100.00
19:00,31.40,7.63,771877,63.20,216,100.00
19:00,31.79,8.02,717727,63.68,288,100.00
19:00,32.22,8.45,771898,63.67,360,100.00
19:00,32.46,8.69,717729,63.93,360,100.00
19:00,32.86,9.09,771915,43.65,360,100.00
19:00,33.24,9.47,718251,56.83,288,0.00
19:00,33.80,10.03,775936,68.23,288,100.00
19:00,34.43,10.66,717733,60.95,288,100.00
19:00,34.67,10.9,771939,60.67,288,100.00
19:00,35.09,11.32,717735,60.03,288,100.00
19:00,35.59,11.82,716659,64.18,360,0.00
19:00,35.82,12.05,766505,62.23,360,0.00
19:00,36.34,12.57,718259,63.90,360,80.00
19:00,36.95,13.18,716663,63.23,288,100.00
19:00,37.08,13.31,717740,63.08,360,100.00
19:00,37.58,13.81,717742,61.48,288,0.00
19:00,38.11,14.34,717744,58.93,288,33.33
19:00,38.73,14.96,716670,58.38,288,100.00
19:00,39.20,15.43,718266,60.00,288,100.00
19:00,39.77,16,718267,59.18,288,75.00
19:00,40.43,16.66,717750,56.28,288,0.00
19:00,40.78,17.01,717752,57.53,288,95.83
19:00,41.29,17.52,717755,54.78,288,70.83
19:00,41.97,18.2,717758,56.68,288,100.00
19:00,42.12,18.35,717760,56.08,288,95.83
19:00,42.93,19.16,717763,54.50,288,100.00
19:00,43.13,19.36,717765,55.07,288,100.00
19:00,43.34,19.57,716689,60.48,360,80.00
19:00,43.90,20.13,717769,61.70,288,100.00
19:00,44.16,20.39,761455,61.48,288,75.00
19:00,44.37,20.6,716694,64.77,360,80.00
19:00,45.14,R21.365,759427,61.65,288,100.00
19:00,46.45,22.68,761482,58.77,432,0.00
19:00,46.47,22.7,761492,59.55,432,0.00
19:00,47.13,23.36,717776,62.17,288,100.00
19:00,47.24,23.47,717777,59.68,288,100.00
19:00,47.38,23.61,764583,59.35,288,0.00
19:00,48.02,24.25,717779,60.57,288,0.00
19:00,48.87,25.1,771969,62.43,288,100.00
19:00,49.18,25.41,718291,63.78,360,93.06
19:00,49.77,26,769496,61.60,288,70.83
19:00,49.92,26.15,718292,58.70,288,66.67
19:00,50.61,26.84,768643,63.57,360,100.00
19:00,51.12,27.35,717787,60.82,360,100.00
19:00,51.58,27.81,717790,58.78,360,0.00
19:00,51.87,28.1,772437,49.93,432,100.00
19:00,52.29,28.52,716714,47.03,360,100.00
19:00,52.31,28.54,772455,52.52,360,0.00
19:00,52.93,29.16,718500,56.20,288,75.00
19:00,53.27,29.5,768969,48.08,288,100.00
19:00,53.90,30.13,717794,34.48,360,74.17
19:00,54.24,30.47,716720,43.92,432,100.00
19:00,54.72,30.95,717797,33.73,360,100.00
19:00,55.07,31.3,775155,33.85,432,83.33
19:00,55.34,31.57,717798,27.63,360,100.00
19:00,55.88,32.11,775261,32.43,360,93.33
19:00,56.17,32.4,717799,57.87,288,100.00
19:00,56.73,32.96,717800,29.93,360,100.00
19:00,57.19,33.42,717801,31.50,360,100.00
19:00,57.96,34.19,775137,36.55,360,100.00
19:00,58.48,34.71,717804,41.03,360,100.00
19:00,58.99,35.22,775183,44.80,360,100.00
19:00,59.57,35.8,716733,46.22,360,81.11
19:00,60.17,36.4,775120,50.00,360,20.00
19:00,60.70,36.93,717806,45.83,360,100.00
19:00,61.34,37.57,716738,40.33,432,83.33
19:00,61.91,38.14,716739,34.38,432,100.00
19:00,62.19,38.42,775225,35.97,432,100.00
19:00,63.77,40,767812,43.97,288,0.00
19:00,64.10,40.33,717818,39.62,288,95.83
19:00,64.67,40.9,767351,45.77,288,0.00
19:00,65.25,41.48,717819,42.02,288,100.00
19:00,66.23,42.46,717823,36.70,288,100.00
19:00,66.97,43.2,767367,38.73,288,100.00
19:00,67.64,43.87,717825,39.92,288,83.33
19:00,68.64,44.87,717827,35.55,288,100.00
19:00,69.47,45.7,771808,50.30,288,75.00
19:00,69.97,46.2,771767,59.20,432,100.00
19:00,71.71,47.94,772011,46.40,216,100.00
19:00,72.07,48.3,772024,63.45,216,100.00
20:00,24.06,.11,771826,64.72,288,100.00
20:00,24.55,.6,717696,64.03,288,100.00
20:00,25.05,1.1,718219,64.20,288,100.00
20:00,25.68,1.73,717701,64.10,288,95.49
20:00,26.40,2.45,717703,60.48,288,0.00
20:00,26.69,2.74,718227,64.30,360,0.00
20:00,27.23,3.28,717706,66.98,360,89.72
20:00,27.39,3.44,717709,66.33,360,100.00
20:00,27.77,3.82,716632,66.73,360,100.00
20:00,28.16,4.21,771845,55.12,360,100.00
20:00,28.52,4.57,717711,60.98,288,0.00
20:00,28.76,4.81,717713,64.28,288,100.00
20:00,28.87,4.92,717715,64.78,288,100.00
20:00,29.41,5.46,717717,66.00,360,80.00
20:00,29.76,5.99,717719,65.20,360,0.00
20:00,30.04,6.27,717720,65.57,288,100.00
20:00,30.33,6.56,717721,63.77,360,0.00
20:00,30.55,6.78,771863,67.12,432,100.00
20:00,30.99,7.22,717723,65.25,288,100.00
20:00,31.40,7.63,771877,65.68,216,100.00
20:00,31.79,8.02,717727,65.82,288,100.00
20:00,32.22,8.45,771898,66.55,360,100.00
20:00,32.46,8.69,717729,66.68,360,100.00
20:00,32.86,9.09,771915,57.22,360,100.00
20:00,33.24,9.47,718251,61.15,288,0.00
20:00,33.80,10.03,775936,68.42,288,100.00
20:00,34.43,10.66,717733,64.05,288,100.00
20:00,34.67,10.9,771939,63.75,288,100.00
20:00,35.09,11.32,717735,62.78,288,100.00
20:00,35.59,11.82,716659,66.00,360,0.00
20:00,35.82,12.05,766505,62.97,360,0.00
20:00,36.34,12.57,718259,64.03,360,80.00
20:00,36.95,13.18,716663,65.53,288,100.00
20:00,37.08,13.31,717740,66.38,360,100.00
20:00,37.58,13.81,717742,64.13,288,0.00
20:00,38.11,14.34,717744,62.05,288,33.33
20:00,38.73,14.96,716670,63.20,288,100.00
20:00,39.20,15.43,718266,63.88,288,100.00
20:00,39.77,16,718267,63.03,288,75.00
20:00,40.43,16.66,717750,59.88,288,0.00
20:00,40.78,17.01,717752,63.15,288,95.83
20:00,41.29,17.52,717755,60.58,288,70.83
20:00,41.97,18.2,717758,61.30,288,100.00
20:00,42.12,18.35,717760,60.22,288,95.83
20:00,42.93,19.16,717763,59.03,288,100.00
20:00,43.13,19.36,717765,60.00,288,100.00
20:00,43.34,19.57,716689,63.42,360,80.00
20:00,43.90,20.13,717769,63.03,288,100.00
20:00,44.16,20.39,761455,62.57,288,75.00
20:00,44.37,20.6,716694,66.25,360,80.00
20:00,45.14,R21.365,759427,64.27,288,100.00
20:00,46.45,22.68,761482,60.43,432,0.00
20:00,46.47,22.7,761492,60.47,432,0.00
20:00,47.13,23.36,717776,64.02,288,100.00
20:00,47.24,23.47,717777,59.98,288,100.00
20:00,47.38,23.61,764583,59.85,288,0.00
20:00,48.02,24.25,717779,61.85,288,0.00
20:00,48.87,25.1,771969,63.65,288,100.00
20:00,49.18,25.41,718291,65.02,360,88.89
20:00,49.77,26,769496,62.75,288,70.83
20:00,49.92,26.15,718292,59.73,288,66.32
20:00,50.61,26.84,768643,64.45,360,100.00
20:00,51.12,27.35,717787,64.12,360,100.00
20:00,51.58,27.81,717790,61.82,360,0.00
20:00,51.87,28.1,772437,65.22,432,100.00
20:00,52.29,28.52,716714,65.45,360,100.00
20:00,52.31,28.54,772455,62.63,360,0.00
20:00,52.93,29.16,718500,66.15,288,75.00
20:00,53.27,29.5,768969,65.27,288,100.00
20:00,53.90,30.13,717794,62.10,360,74.72
20:00,54.24,30.47,716720,59.50,432,100.00
20:00,54.72,30.95,717797,62.57,360,100.00
20:00,55.07,31.3,775155,59.07,432,83.33
20:00,55.34,31.57,717798,52.55,360,100.00
20:00,55.88,32.11,775261,51.38,360,93.33
20:00,56.17,32.4,717799,63.55,288,100.00
20:00,56.73,32.96,717800,50.43,360,100.00
20:00,57.19,33.42,717801,46.92,360,100.00
20:00,57.96,34.19,775137,46.07,360,100.00
20:00,58.48,34.71,717804,52.15,360,100.00
20:00,58.99,35.22,775183,55.08,360,100.00
20:00,59.57,35.8,716733,56.48,360,80.28
20:00,60.17,36.4,775120,57.55,360,20.00
20:00,60.70,36.93,717806,57.10,360,100.00
20:00,61.34,37.57,716738,50.72,432,83.33
20:00,61.91,38.14,716739,49.25,432,100.00
20:00,62.19,38.42,775225,46.48,432,100.00
20:00,63.77,40,767812,55.08,288,0.00
20:00,64.10,40.33,717818,61.03,288,95.83
20:00,64.67,40.9,767351,58.95,288,0.00
20:00,65.25,41.48,717819,60.73,288,100.00
20:00,66.23,42.46,717823,61.35,288,100.00
20:00,66.97,43.2,767367,55.98,288,100.00
20:00,67.64,43.87,717825,60.47,288,95.14
20:00,68.64,44.87,717827,58.12,288,100.00
20:00,69.47,45.7,771808,60.20,288,75.00
20:00,69.97,46.2,771767,64.42,432,100.00
20:00,71.71,47.94,772011,64.58,216,100.00
20:00,72.07,48.3,772024,63.60,216,100.00
21:00,24.06,.11,771826,67.20,288,100.00
21:00,24.55,.6,717696,66.63,288,100.00
21:00,25.05,1.1,718219,66.57,288,100.00
21:00,25.68,1.73,717701,66.77,288,94.79
21:00,26.40,2.45,717703,62.85,288,0.00
21:00,26.69,2.74,718227,66.40,360,0.00
21:00,27.23,3.28,717706,69.43,360,89.17
21:00,27.39,3.44,717709,68.90,360,100.00
21:00,27.77,3.82,716632,69.17,360,100.00
21:00,28.16,4.21,771845,56.17,360,100.00
21:00,28.52,4.57,717711,63.53,288,0.00
21:00,28.76,4.81,717713,67.22,288,100.00
21:00,28.87,4.92,717715,67.25,288,100.00
21:00,29.41,5.46,717717,68.60,360,80.00
21:00,29.76,5.99,717719,66.78,360,0.00
21:00,30.04,6.27,717720,67.85,288,100.00
21:00,30.33,6.56,717721,65.57,360,0.00
21:00,30.55,6.78,771863,69.53,432,100.00
21:00,30.99,7.22,717723,67.37,288,100.00
21:00,31.40,7.63,771877,67.22,216,100.00
21:00,31.79,8.02,717727,68.60,288,100.00
21:00,32.22,8.45,771898,69.30,360,100.00
21:00,32.46,8.69,717729,68.47,360,100.00
21:00,32.86,9.09,771915,65.08,360,100.00
21:00,33.24,9.47,718251,63.60,288,0.00
21:00,33.80,10.03,775936,68.82,288,100.00
21:00,34.43,10.66,717733,67.03,288,100.00
21:00,34.67,10.9,771939,67.22,288,100.00
21:00,35.09,11.32,717735,65.85,288,100.00
21:00,35.59,11.82,716659,67.77,360,0.00
21:00,35.82,12.05,766505,65.58,360,0.00
21:00,36.34,12.57,718259,68.20,360,80.00
21:00,36.95,13.18,716663,67.62,288,100.00
21:00,37.08,13.31,717740,68.32,360,100.00
21:00,37.58,13.81,717742,66.10,288,0.00
21:00,38.11,14.34,717744,63.88,288,33.33
21:00,38.73,14.96,716670,65.50,288,100.00
21:00,39.20,15.43,718266,66.28,288,100.00
21:00,39.77,16,718267,64.42,288,75.00
21:00,40.43,16.66,717750,61.33,288,0.00
21:00,40.78,17.01,717752,66.20,288,95.83
21:00,41.29,17.52,717755,64.52,288,70.83
21:00,41.97,18.2,717758,67.25,288,100.00
21:00,42.12,18.35,717760,67.18,288,95.83
21:00,42.93,19.16,717763,65.00,288,100.00
21:00,43.13,19.36,717765,66.18,288,100.00
21:00,43.34,19.57,716689,68.30,360,80.00
21:00,43.90,20.13,717769,66.45,288,100.00
21:00,44.16,20.39,761455,65.40,288,75.00
21:00,44.37,20.6,716694,68.73,360,80.00
21:00,45.14,R21.365,759427,66.60,288,100.00
21:00,46.45,22.68,761482,61.75,432,0.00
21:00,46.47,22.7,761492,62.43,432,0.00
21:00,47.13,23.36,717776,67.43,288,100.00
21:00,47.24,23.47,717777,66.65,288,100.00
21:00,47.38,23.61,764583,63.85,288,0.00
21:00,48.02,24.25,717779,64.02,288,0.00
21:00,48.87,25.1,771969,66.73,288,100.00
21:00,49.18,25.41,718291,68.18,360,76.67
21:00,49.77,26,769496,66.45,288,70.14
21:00,49.92,26.15,718292,64.22,288,66.67
21:00,50.61,26.84,768643,67.90,360,100.00
21:00,51.12,27.35,717787,69.52,360,100.00
21:00,51.58,27.81,717790,66.80,360,0.00
21:00,51.87,28.1,772437,68.50,432,100.00
21:00,52.29,28.52,716714,68.22,360,100.00
21:00,52.31,28.54,772455,64.50,360,0.00
21:00,52.93,29.16,718500,66.30,288,75.00
21:00,53.27,29.5,768969,67.75,288,100.00
21:00,53.90,30.13,717794,67.73,360,76.67
21:00,54.24,30.47,716720,67.78,432,100.00
21:00,54.72,30.95,717797,69.32,360,100.00
21:00,55.07,31.3,775155,66.23,432,83.33
21:00,55.34,31.57,717798,68.72,360,100.00
21:00,55.88,32.11,775261,67.92,360,93.06
21:00,56.17,32.4,717799,67.73,288,100.00
21:00,56.73,32.96,717800,69.20,360,100.00
21:00,57.19,33.42,717801,70.55,360,100.00
21:00,57.96,34.19,775137,70.03,360,100.00
21:00,58.48,34.71,717804,69.43,360,100.00
21:00,58.99,35.22,775183,69.23,360,100.00
21:00,59.57,35.8,716733,68.82,360,80.00
21:00,60.17,36.4,775120,66.57,360,20.00
21:00,60.70,36.93,717806,67.90,360,100.00
21:00,61.34,37.57,716738,66.65,432,83.33
21:00,61.91,38.14,716739,68.58,432,100.00
21:00,62.19,38.42,775225,67.48,432,100.00
21:00,63.77,40,767812,65.87,288,0.00
21:00,64.10,40.33,717818,67.62,288,95.83
21:00,64.67,40.9,767351,63.50,288,0.00
21:00,65.25,41.48,717819,67.68,288,100.00
21:00,66.23,42.46,717823,67.35,288,100.00
21:00,66.97,43.2,767367,67.12,288,100.00
21:00,67.64,43.87,717825,67.47,288,100.00
21:00,68.64,44.87,717827,66.93,288,100.00
21:00,69.47,45.7,771808,65.17,288,75.00
21:00,69.97,46.2,771767,67.48,432,100.00
21:00,71.71,47.94,772011,66.60,216,100.00
21:00,72.07,48.3,772024,65.18,216,100.00
22:00,24.06,.11,771826,67.68,288,100.00
22:00,24.55,.6,717696,66.45,288,100.00
22:00,25.05,1.1,718219,66.63,288,100.00
22:00,25.68,1.73,717701,66.50,288,95.83
22:00,26.40,2.45,717703,62.53,288,0.00
22:00,26.69,2.74,718227,66.65,360,0.00
22:00,27.23,3.28,717706,70.15,360,90.00
22:00,27.39,3.44,717709,69.35,360,100.00
22:00,27.77,3.82,716632,68.98,360,100.00
22:00,28.16,4.21,771845,54.88,360,100.00
22:00,28.52,4.57,717711,62.95,288,0.00
22:00,28.76,4.81,717713,67.03,288,100.00
22:00,28.87,4.92,717715,67.35,288,100.00
22:00,29.41,5.46,717717,68.45,360,80.00
22:00,29.76,5.99,717719,66.60,360,0.00
22:00,30.04,6.27,717720,67.92,288,100.00
22:00,30.33,6.56,717721,65.93,360,0.00
22:00,30.55,6.78,771863,69.72,432,100.00
22:00,30.99,7.22,717723,67.23,288,100.00
22:00,31.40,7.63,771877,66.82,216,100.00
22:00,31.79,8.02,717727,69.12,288,100.00
22:00,32.22,8.45,771898,69.63,360,100.00
22:00,32.46,8.69,717729,68.70,360,100.00
22:00,32.86,9.09,771915,70.63,360,100.00
22:00,33.24,9.47,718251,65.38,288,0.00
22:00,33.80,10.03,775936,68.68,288,100.00
22:00,34.43,10.66,717733,67.85,288,100.00
22:00,34.67,10.9,771939,67.40,288,100.00
22:00,35.09,11.32,717735,66.40,288,100.00
22:00,35.59,11.82,716659,68.63,360,0.00
22:00,35.82,12.05,766505,66.48,360,0.00
22:00,36.34,12.57,718259,68.68,360,80.00
22:00,36.95,13.18,716663,68.40,288,100.00
22:00,37.08,13.31,717740,67.97,360,100.00
22:00,37.58,13.81,717742,66.07,288,0.00
22:00,38.11,14.34,717744,64.50,288,33.33
22:00,38.73,14.96,716670,66.02,288,100.00
22:00,39.20,15.43,718266,66.93,288,100.00
22:00,39.77,16,718267,65.22,288,75.00
22:00,40.43,16.66,717750,61.80,288,0.00
22:00,40.78,17.01,717752,66.48,288,95.83
22:00,41.29,17.52,717755,64.83,288,70.83
22:00,41.97,18.2,717758,67.12,288,100.00
22:00,42.12,18.35,717760,67.53,288,95.83
22:00,42.93,19.16,717763,64.65,288,100.00
22:00,43.13,19.36,717765,65.77,288,100.00
22:00,43.34,19.57,716689,65.67,360,80.00
22:00,43.90,20.13,717769,64.10,288,100.00
22:00,44.16,20.39,761455,63.93,288,75.00
22:00,44.37,20.6,716694,67.97,360,80.00
22:00,45.14,R21.365,759427,66.30,288,100.00
22:00,46.45,22.68,761482,61.87,432,0.00
22:00,46.47,22.7,761492,62.38,432,0.00
22:00,47.13,23.36,717776,67.43,288,100.00
22:00,47.24,23.47,717777,64.15,288,100.00
22:00,47.38,23.61,764583,63.58,288,0.00
22:00,48.02,24.25,717779,64.02,288,0.00
22:00,48.87,25.1,771969,66.25,288,100.00
22:00,49.18,25.41,718291,69.27,360,76.67
22:00,49.77,26,769496,66.70,288,70.83
22:00,49.92,26.15,718292,65.18,288,66.67
22:00,50.61,26.84,768643,68.60,360,100.00
22:00,51.12,27.35,717787,69.42,360,100.00
22:00,51.58,27.81,717790,66.52,360,0.00
22:00,51.87,28.1,772437,68.52,432,100.00
22:00,52.29,28.52,716714,68.82,360,100.00
22:00,52.31,28.54,772455,64.70,360,0.00
22:00,52.93,29.16,718500,65.92,288,75.00
22:00,53.27,29.5,768969,68.83,288,100.00
22:00,53.90,30.13,717794,67.28,360,76.67
22:00,54.24,30.47,716720,68.53,432,100.00
22:00,54.72,30.95,717797,69.23,360,100.00
22:00,55.07,31.3,775155,66.97,432,83.33
22:00,55.34,31.57,717798,71.10,360,100.00
22:00,55.88,32.11,775261,69.77,360,93.33
22:00,56.17,32.4,717799,67.98,288,100.00
22:00,56.73,32.96,717800,70.45,360,100.00
22:00,57.19,33.42,717801,70.27,360,100.00
22:00,57.96,34.19,775137,70.70,360,100.00
22:00,58.48,34.71,717804,70.12,360,100.00
22:00,58.99,35.22,775183,70.20,360,100.00
22:00,59.57,35.8,716733,70.32,360,80.00
22:00,60.17,36.4,775120,67.13,360,20.00
22:00,60.70,36.93,717806,68.48,360,100.00
22:00,61.34,37.57,716738,64.88,432,83.33
22:00,61.91,38.14,716739,67.50,432,100.00
22:00,62.19,38.42,775225,66.70,432,100.00
22:00,63.77,40,767812,65.28,288,0.00
22:00,64.10,40.33,717818,67.78,288,95.83
22:00,64.67,40.9,767351,63.60,288,0.00
22:00,65.25,41.48,717819,67.82,288,100.00
22:00,66.23,42.46,717823,62.27,288,100.00
22:00,66.97,43.2,767367,65.27,288,100.00
22:00,67.64,43.87,717825,67.52,288,100.00
22:00,68.64,44.87,717827,67.35,288,100.00
22:00,69.47,45.7,771808,66.27,288,75.00
22:00,69.97,46.2,771767,67.95,432,100.00
22:00,71.71,47.94,772011,67.90,216,100.00
22:00,72.07,48.3,772024,65.72,216,100.00
23:00,24.06,.11,771826,68.15,288,100.00
23:00,24.55,.6,717696,66.58,288,100.00
23:00,25.05,1.1,718219,66.60,288,100.00
23:00,25.68,1.73,717701,66.22,288,95.83
23:00,26.40,2.45,717703,62.35,288,0.00
23:00,26.69,2.74,718227,67.23,360,0.00
23:00,27.23,3.28,717706,70.02,360,90.00
23:00,27.39,3.44,717709,69.43,360,100.00
23:00,27.77,3.82,716632,68.93,360,100.00
23:00,28.16,4.21,771845,53.42,360,87.50
23:00,28.52,4.57,717711,61.92,288,0.00
23:00,28.76,4.81,717713,66.00,288,100.00
23:00,28.87,4.92,717715,66.83,288,100.00
23:00,29.41,5.46,717717,68.18,360,80.00
23:00,29.76,5.99,717719,66.47,360,0.00
23:00,30.04,6.27,717720,67.58,288,100.00
23:00,30.33,6.56,717721,66.17,360,0.00
23:00,30.55,6.78,771863,69.25,432,98.61
23:00,30.99,7.22,717723,66.93,288,100.00
23:00,31.40,7.63,771877,66.72,216,100.00
23:00,31.79,8.02,717727,69.03,288,100.00
23:00,32.22,8.45,771898,69.13,360,100.00
23:00,32.46,8.69,717729,68.35,360,100.00
23:00,32.86,9.09,771915,70.98,360,100.00
23:00,33.24,9.47,718251,65.35,288,0.00
23:00,33.80,10.03,775936,68.42,288,100.00
23:00,34.43,10.66,717733,67.33,288,100.00
23:00,34.67,10.9,771939,67.18,288,100.00
23:00,35.09,11.32,717735,66.93,288,100.00
23:00,35.59,11.82,716659,68.70,360,0.00
23:00,35.82,12.05,766505,66.23,360,0.00
23:00,36.34,12.57,718259,66.27,360,80.00
23:00,36.95,13.18,716663,68.75,288,100.00
23:00,37.08,13.31,717740,68.42,360,100.00
23:00,37.58,13.81,717742,66.65,288,0.00
23:00,38.11,14.34,717744,64.03,288,33.33
23:00,38.73,14.96,716670,65.78,288,100.00
23:00,39.20,15.43,718266,66.78,288,100.00
23:00,39.77,16,718267,65.37,288,75.00
23:00,40.43,16.66,717750,61.77,288,0.00
23:00,40.78,17.01,717752,66.67,288,95.83
23:00,41.29,17.52,717755,65.13,288,70.83
23:00,41.97,18.2,717758,64.73,288,100.00
23:00,42.12,18.35,717760,63.52,288,95.83
23:00,42.93,19.16,717763,65.12,288,100.00
23:00,43.13,19.36,717765,66.02,288,100.00
23:00,43.34,19.57,716689,67.78,360,80.00
23:00,43.90,20.13,717769,66.65,288,100.00
23:00,44.16,20.39,761455,65.50,288,75.00
23:00,44.37,20.6,716694,68.17,360,80.00
23:00,45.14,R21.365,759427,67.32,288,100.00
23:00,46.45,22.68,761482,62.43,432,0.00
23:00,46.47,22.7,761492,61.60,432,0.00
23:00,47.13,23.36,717776,65.53,288,100.00
23:00,47.24,23.47,717777,60.43,288,100.00
23:00,47.38,23.61,764583,62.62,288,0.00
23:00,48.02,24.25,717779,64.10,288,0.00
23:00,48.87,25.1,771969,67.13,288,100.00
23:00,49.18,25.41,718291,69.00,360,76.67
23:00,49.77,26,769496,66.85,288,70.83
23:00,49.92,26.15,718292,66.20,288,66.67
23:00,50.61,26.84,768643,69.13,360,100.00
23:00,51.12,27.35,717787,69.82,360,100.00
23:00,51.58,27.81,717790,66.90,360,0.00
23:00,51.87,28.1,772437,68.73,432,100.00
23:00,52.29,28.52,716714,69.22,360,100.00
23:00,52.31,28.54,772455,64.80,360,0.00
23:00,52.93,29.16,718500,65.98,288,75.00
23:00,53.27,29.5,768969,68.27,288,100.00
23:00,53.90,30.13,717794,67.47,360,76.67
23:00,54.24,30.47,716720,68.53,432,100.00
23:00,54.72,30.95,717797,69.10,360,100.00
23:00,55.07,31.3,775155,66.52,432,83.33
23:00,55.34,31.57,717798,70.15,360,100.00
23:00,55.88,32.11,775261,70.02,360,93.33
23:00,56.17,32.4,717799,67.60,288,100.00
23:00,56.73,32.96,717800,69.82,360,100.00
23:00,57.19,33.42,717801,70.02,360,100.00
23:00,57.96,34.19,775137,69.70,360,100.00
23:00,58.48,34.71,717804,69.67,360,100.00
23:00,58.99,35.22,775183,68.72,360,100.00
23:00,59.57,35.8,716733,69.03,360,80.00
23:00,60.17,36.4,775120,67.00,360,20.00
23:00,60.70,36.93,717806,68.30,360,100.00
23:00,61.34,37.57,716738,66.72,432,83.33
23:00,61.91,38.14,716739,67.57,432,100.00
23:00,62.19,38.42,775225,67.30,432,100.00
23:00,63.77,40,767812,65.50,288,0.00
23:00,64.10,40.33,717818,67.80,288,95.83
23:00,64.67,40.9,767351,63.82,288,0.00
23:00,65.25,41.48,717819,67.75,288,100.00
23:00,66.23,42.46,717823,66.05,288,95.83
23:00,66.97,43.2,767367,66.48,288,100.00
23:00,67.64,43.87,717825,67.53,288,100.00
23:00,68.64,44.87,717827,66.77,288,100.00
23:00,69.47,45.7,771808,65.83,288,75.00
23:00,69.97,46.2,771767,67.95,432,100.00
23:00,71.71,47.94,772011,67.55,216,100.00
23:00,72.07,48.3,772024,65.38,216,100.00
