Time,Postmile (Abs),Postmile (CA),VDS,Flow,# Lane Points,% Observed
0:00,0.69,.52,717262,1571,216,0.00
0:00,1.17,R1,773281,1903,360,99.72
0:00,1.73,R1.56,717264,2433,360,0.00
0:00,2.22,R2.05,717265,1394,360,0.00
0:00,2.63,R2.46,717268,1631,360,80.00
0:00,3.25,R3.08,716213,1799,288,0.00
0:00,3.57,R3.4,773258,1725,288,0.00
0:00,3.97,R3.8,773274,2713,432,0.00
0:00,4.52,R4.35,717273,1583,360,100.00
0:00,4.74,R4.564,717279,1662,432,33.33
0:00,5.11,R4.936,768444,1796,360,90.00
0:00,5.59,R5.42,773222,1938,288,0.00
0:00,6.97,R6.8,773232,1433,288,100.00
0:00,7.47,R7.3,773304,2100,288,25.00
0:00,7.77,R7.6,773293,2588,360,40.00
0:00,7.91,R7.74,717285,2534,288,0.00
0:00,8.08,R7.91,717290,1892,288,0.00
0:00,8.37,R8.2,773245,2093,360,80.00
0:00,8.37,R8.2,773342,2225,360,0.00
0:00,8.66,R8.52,717292,1543,288,100.00
0:00,9.14,9,773317,1748,288,50.00
0:00,9.60,9.46,717296,1599,288,75.00
0:00,9.75,9.61,717301,1665,360,80.00
0:00,10.27,10.13,717303,1600,360,100.00
0:00,10.40,10.26,717308,1945,360,100.00
0:00,10.74,10.6,773330,2279,360,0.00
0:00,11.12,10.98,717312,1574,360,80.00
0:00,11.71,11.57,716235,1167,288,0.00
0:00,12.24,12.1,716237,1809,432,66.67
0:00,12.78,12.64,717318,2221,360,100.00
0:00,13.34,13.2,773409,2577,360,0.00
0:00,14.24,14.1,773460,2215,360,0.00
0:00,14.64,14.5,767722,1903,360,66.67
0:00,15.12,14.98,718453,2243,360,0.00
0:00,15.54,15.4,773424,1869,288,83.33
0:00,16.05,15.91,717322,1499,288,100.00
0:00,16.26,16.12,717328,1420,288,100.00
0:00,16.70,16.56,718123,1936,288,95.83
0:00,17.14,17,773473,1725,288,100.00
0:00,17.54,17.4,773492,1981,288,0.00
0:00,18.08,17.94,717332,1523,288,75.00
0:00,18.28,18.14,717334,1577,288,100.00
0:00,18.49,18.35,716254,1674,288,100.00
0:00,18.64,18.5,773520,2326,288,82.64
0:00,19.56,19.42,717340,1529,288,100.00
0:00,19.75,19.61,717343,1355,288,0.00
0:00,20.04,19.9,773505,1995,288,70.83
0:00,20.04,19.9,773507,1563,288,95.83
0:00,20.52,20.38,717346,1650,288,91.67
0:00,20.67,20.53,717352,1424,288,58.33
0:00,21.14,21,773535,2304,288,100.00
0:00,21.60,R21.46,717357,2515,288,0.00
0:00,21.83,R21.69,717358,1081,288,0.00
0:00,22.44,R22.3,716265,2026,288,0.00
0:00,22.64,R22.5,773439,1725,288,0.00
0:00,23.08,R22.94,718127,1081,288,0.00
0:00,23.44,R23.3,774164,1725,288,0.00
0:00,23.84,R23.7,774180,1725,288,0.00
0:00,24.34,R24.2,774947,3051,432,0.00
0:00,24.65,R24.512,766806,2547,432,94.44
0:00,25.14,R25,774927,2713,432,44.44
0:00,25.84,R25.7,766661,1907,288,0.00
0:00,27.94,R27.8,774475,1793,288,7.99
0:00,28.68,R28.54,766569,1729,288,0.00
0:00,29.11,R28.97,766600,1468,288,91.67
0:00,29.29,R29.15,766644,1695,288,0.00
0:00,29.65,R29.51,766620,1345,288,0.00
0:00,29.87,R29.73,766585,2117,288,0.00
0:00,30.51,R30.371,766843,1432,288,100.00
1:00,0.69,.52,717262,1342,216,0.00
1:00,1.17,R1,773281,1376,360,100.00
1:00,1.73,R1.56,717264,2094,360,0.00
1:00,2.22,R2.05,717265,1228,360,0.00
1:00,2.63,R2.46,717268,1226,360,80.00
1:00,3.25,R3.08,716213,1606,288,0.00
1:00,3.57,R3.4,773258,1183,288,0.00
1:00,3.97,R3.8,773274,2302,432,0.00
1:00,4.52,R4.35,717273,1147,360,100.00
1:00,4.74,R4.564,717279,1368,432,33.33
1:00,5.11,R4.936,768444,1330,360,90.00
1:00,5.59,R5.42,773222,1649,288,0.00
1:00,6.97,R6.8,773232,1048,288,100.00
1:00,7.47,R7.3,773304,1740,288,25.00
1:00,7.77,R7.6,773293,2077,360,40.00
1:00,7.91,R7.74,717285,2103,288,0.00
1:00,8.08,R7.91,717290,1645,288,0.00
1:00,8.37,R8.2,773245,1621,360,80.00
1:00,8.37,R8.2,773342,1880,360,0.00
1:00,8.66,R8.52,717292,1130,288,100.00
1:00,9.14,9,773317,1372,288,50.00
1:00,9.60,9.46,717296,1177,288,75.00
1:00,9.75,9.61,717301,1212,360,80.00
1:00,10.27,10.13,717303,1152,360,100.00
1:00,10.40,10.26,717308,1399,360,100.00
1:00,10.74,10.6,773330,1938,360,0.00
1:00,11.12,10.98,717312,1146,360,80.00
1:00,11.71,11.57,716235,866,288,0.00
1:00,12.24,12.1,716237,1283,432,66.67
1:00,12.78,12.64,717318,1614,360,100.00
1:00,13.34,13.2,773409,2163,360,0.00
1:00,14.24,14.1,773460,1877,360,0.00
1:00,14.64,14.5,767722,1414,360,66.67
1:00,15.12,14.98,718453,1912,360,0.00
1:00,15.54,15.4,773424,1453,288,83.33
1:00,16.05,15.91,717322,1068,288,100.00
1:00,16.26,16.12,717328,1007,288,100.00
1:00,16.70,16.56,718123,1462,288,95.83
1:00,17.14,17,773473,1273,288,100.00
1:00,17.54,17.4,773492,1666,288,0.00
1:00,18.08,17.94,717332,1110,288,75.00
1:00,18.28,18.14,717334,1165,288,100.00
1:00,18.49,18.35,716254,1227,288,100.00
1:00,18.64,18.5,773520,1983,288,83.33
1:00,19.56,19.42,717340,1130,288,100.00
1:00,19.75,19.61,717343,1074,288,0.00
1:00,20.04,19.9,773505,1582,288,70.83
1:00,20.04,19.9,773507,1233,288,95.83
1:00,20.52,20.38,717346,1264,288,91.67
1:00,20.67,20.53,717352,1144,288,56.60
1:00,21.14,21,773535,1775,288,100.00
1:00,21.60,R21.46,717357,2153,288,0.00
1:00,21.83,R21.69,717358,739,288,0.00
1:00,22.44,R22.3,716265,1314,288,0.00
1:00,22.64,R22.5,773439,1183,288,0.00
1:00,23.08,R22.94,718127,739,288,0.00
1:00,23.44,R23.3,774164,1183,288,0.00
1:00,23.84,R23.7,774180,1183,288,0.00
1:00,24.34,R24.2,774947,2491,432,0.00
1:00,24.65,R24.512,766806,1795,432,94.44
1:00,25.14,R25,774927,2131,432,41.67
1:00,25.84,R25.7,766661,1507,288,0.00
1:00,27.94,R27.8,774475,1364,288,4.51
1:00,28.68,R28.54,766569,1526,288,0.00
1:00,29.11,R28.97,766600,1101,288,91.67
1:00,29.29,R29.15,766644,1483,288,0.00
1:00,29.65,R29.51,766620,998,288,0.00
1:00,29.87,R29.73,766585,1719,288,0.00
1:00,30.51,R30.371,766843,1010,288,100.00
2:00,0.69,.52,717262,1257,216,0.00
2:00,1.17,R1,773281,1220,360,100.00
2:00,1.73,R1.56,717264,1950,360,0.00
2:00,2.22,R2.05,717265,1169,360,0.00
2:00,2.63,R2.46,717268,1114,360,80.00
2:00,3.25,R3.08,716213,1547,288,0.00
2:00,3.57,R3.4,773258,954,288,0.00
2:00,3.97,R3.8,773274,2227,432,0.00
2:00,4.52,R4.35,717273,1075,360,100.00
2:00,4.74,R4.564,717279,1292,432,33.33
2:00,5.11,R4.936,768444,1259,360,90.00
2:00,5.59,R5.42,773222,1608,288,0.00
2:00,6.97,R6.8,773232,1010,288,100.00
2:00,7.47,R7.3,773304,1705,288,25.00
2:00,7.77,R7.6,773293,2041,360,40.00
2:00,7.91,R7.74,717285,2108,288,0.00
2:00,8.08,R7.91,717290,1611,288,0.00
2:00,8.37,R8.2,773245,1574,360,80.00
2:00,8.37,R8.2,773342,1809,360,0.00
2:00,8.66,R8.52,717292,1048,288,100.00
2:00,9.14,9,773317,1281,288,50.00
2:00,9.60,9.46,717296,1090,288,75.00
2:00,9.75,9.61,717301,1124,360,80.00
2:00,10.27,10.13,717303,1071,360,100.00
2:00,10.40,10.26,717308,1306,360,100.00
2:00,10.74,10.6,773330,1889,360,0.00
2:00,11.12,10.98,717312,1040,360,80.00
2:00,11.71,11.57,716235,845,288,0.00
2:00,12.24,12.1,716237,1287,432,66.67
2:00,12.78,12.64,717318,1627,360,100.00
2:00,13.34,13.2,773409,2171,360,0.00
2:00,14.24,14.1,773460,1867,360,0.00
2:00,14.64,14.5,767722,1420,360,66.67
2:00,15.12,14.98,718453,1941,360,0.00
2:00,15.54,15.4,773424,1513,288,83.33
2:00,16.05,15.91,717322,1100,288,100.00
2:00,16.26,16.12,717328,976,288,100.00
2:00,16.70,16.56,718123,1525,288,95.83
2:00,17.14,17,773473,1326,288,100.00
2:00,17.54,17.4,773492,1726,288,0.00
2:00,18.08,17.94,717332,1112,288,75.00
2:00,18.28,18.14,717334,1164,288,100.00
2:00,18.49,18.35,716254,1209,288,100.00
2:00,18.64,18.5,773520,1958,288,82.99
2:00,19.56,19.42,717340,1117,288,100.00
2:00,19.75,19.61,717343,1084,288,0.00
2:00,20.04,19.9,773505,1597,288,70.83
2:00,20.04,19.9,773507,1301,288,95.83
2:00,20.52,20.38,717346,1262,288,91.67
2:00,20.67,20.53,717352,1134,288,54.17
2:00,21.14,21,773535,1768,288,100.00
2:00,21.60,R21.46,717357,2183,288,0.00
2:00,21.83,R21.69,717358,617,288,0.00
2:00,22.44,R22.3,716265,1049,288,0.00
2:00,22.64,R22.5,773439,954,288,0.00
2:00,23.08,R22.94,718127,617,288,0.00
2:00,23.44,R23.3,774164,954,288,0.00
2:00,23.84,R23.7,774180,954,288,0.00
2:00,24.34,R24.2,774947,2387,432,0.00
2:00,24.65,R24.512,766806,1645,432,94.44
2:00,25.14,R25,774927,2116,432,33.33
2:00,25.84,R25.7,766661,1371,288,0.00
2:00,27.94,R27.8,774475,1225,288,5.56
2:00,28.68,R28.54,766569,1476,288,0.00
2:00,29.11,R28.97,766600,1050,288,91.67
2:00,29.29,R29.15,766644,1434,288,0.00
2:00,29.65,R29.51,766620,894,288,0.00
2:00,29.87,R29.73,766585,1637,288,0.00
2:00,30.51,R30.371,766843,902,288,100.00
3:00,0.69,.52,717262,1223,216,0.00
3:00,1.17,R1,773281,1132,360,100.00
3:00,1.73,R1.56,717264,1900,360,0.00
3:00,2.22,R2.05,717265,1154,360,0.00
3:00,2.63,R2.46,717268,1119,360,80.00
3:00,3.25,R3.08,716213,1551,288,0.00
3:00,3.57,R3.4,773258,831,288,0.00
3:00,3.97,R3.8,773274,2305,432,0.00
3:00,4.52,R4.35,717273,1147,360,100.00
3:00,4.74,R4.564,717279,1327,432,33.33
3:00,5.11,R4.936,768444,1313,360,90.00
3:00,5.59,R5.42,773222,1607,288,0.00
3:00,6.97,R6.8,773232,1079,288,100.00
3:00,7.47,R7.3,773304,1830,288,25.00
3:00,7.77,R7.6,773293,2194,360,40.00
3:00,7.91,R7.74,717285,2231,288,0.00
3:00,8.08,R7.91,717290,1618,288,0.00
3:00,8.37,R8.2,773245,1652,360,80.00
3:00,8.37,R8.2,773342,1859,360,0.00
3:00,8.66,R8.52,717292,1157,288,100.00
3:00,9.14,9,773317,1356,288,50.00
3:00,9.60,9.46,717296,1195,288,75.00
3:00,9.75,9.61,717301,1237,360,80.00
3:00,10.27,10.13,717303,1189,360,100.00
3:00,10.40,10.26,717308,1420,360,100.00
3:00,10.74,10.6,773330,1966,360,0.00
3:00,11.12,10.98,717312,1146,360,80.00
3:00,11.71,11.57,716235,932,288,0.00
3:00,12.24,12.1,716237,1427,432,66.67
3:00,12.78,12.64,717318,1836,360,100.00
3:00,13.34,13.2,773409,2326,360,0.00
3:00,14.24,14.1,773460,1802,360,0.00
3:00,14.64,14.5,767722,1459,360,66.67
3:00,15.12,14.98,718453,1946,360,0.00
3:00,15.54,15.4,773424,1575,288,83.33
3:00,16.05,15.91,717322,1208,288,100.00
3:00,16.26,16.12,717328,1083,288,100.00
3:00,16.70,16.56,718123,1639,288,95.83
3:00,17.14,17,773473,1426,288,100.00
3:00,17.54,17.4,773492,1769,288,0.00
3:00,18.08,17.94,717332,1245,288,75.00
3:00,18.28,18.14,717334,1305,288,100.00
3:00,18.49,18.35,716254,1342,288,100.00
3:00,18.64,18.5,773520,2234,288,83.33
3:00,19.56,19.42,717340,1271,288,100.00
3:00,19.75,19.61,717343,1162,288,0.00
3:00,20.04,19.9,773505,1733,288,70.83
3:00,20.04,19.9,773507,1879,288,95.83
3:00,20.52,20.38,717346,1424,288,91.67
3:00,20.67,20.53,717352,1236,288,54.17
3:00,21.14,21,773535,1963,288,100.00
3:00,21.60,R21.46,717357,2274,288,0.00
3:00,21.83,R21.69,717358,588,288,0.00
3:00,22.44,R22.3,716265,797,288,0.00
3:00,22.64,R22.5,773439,831,288,0.00
3:00,23.08,R22.94,718127,588,288,0.00
3:00,23.44,R23.3,774164,831,288,0.00
3:00,23.84,R23.7,774180,831,288,0.00
3:00,24.34,R24.2,774947,2331,432,0.00
3:00,24.65,R24.512,766806,1674,432,94.44
3:00,25.14,R25,774927,2113,432,33.33
3:00,25.84,R25.7,766661,1396,288,0.00
3:00,27.94,R27.8,774475,1278,288,7.29
3:00,28.68,R28.54,766569,1523,288,0.00
3:00,29.11,R28.97,766600,1170,288,91.67
3:00,29.29,R29.15,766644,1486,288,0.00
3:00,29.65,R29.51,766620,934,288,0.00
3:00,29.87,R29.73,766585,1787,288,0.00
3:00,30.51,R30.371,766843,1034,288,100.00
4:00,0.69,.52,717262,1447,213,0.00
4:00,1.17,R1,773281,1509,355,100.00
4:00,1.73,R1.56,717264,2248,355,0.00
4:00,2.22,R2.05,717265,1315,355,0.00
4:00,2.63,R2.46,717268,1532,355,80.00
4:00,3.25,R3.08,716213,1805,284,0.00
4:00,3.57,R3.4,773258,1368,284,0.00
4:00,3.97,R3.8,773274,2746,426,0.00
4:00,4.52,R4.35,717273,1668,355,100.00
4:00,4.74,R4.564,717279,1671,426,33.33
4:00,5.11,R4.936,768444,1852,355,90.14
4:00,5.59,R5.42,773222,1940,284,0.00
4:00,6.97,R6.8,773232,1601,284,100.00
4:00,7.47,R7.3,773304,2324,284,25.00
4:00,7.77,R7.6,773293,2918,355,40.00
4:00,7.91,R7.74,717285,2805,284,0.00
4:00,8.08,R7.91,717290,1914,284,0.00
4:00,8.37,R8.2,773245,2359,355,80.00
4:00,8.37,R8.2,773342,2274,355,0.00
4:00,8.66,R8.52,717292,1750,284,100.00
4:00,9.14,9,773317,1803,284,50.00
4:00,9.60,9.46,717296,1817,284,75.00
4:00,9.75,9.61,717301,1883,355,80.00
4:00,10.27,10.13,717303,1811,355,100.00
4:00,10.40,10.26,717308,2134,355,100.00
4:00,10.74,10.6,773330,2414,355,0.00
4:00,11.12,10.98,717312,1781,355,80.00
4:00,11.71,11.57,716235,1399,284,0.00
4:00,12.24,12.1,716237,2234,426,66.67
4:00,12.78,12.64,717318,2784,355,100.00
4:00,13.34,13.2,773409,2873,355,0.00
4:00,14.24,14.1,773460,2182,355,0.00
4:00,14.64,14.5,767722,2113,355,66.48
4:00,15.12,14.98,718453,2436,355,0.00
4:00,15.54,15.4,773424,2242,284,83.10
4:00,16.05,15.91,717322,1813,284,100.00
4:00,16.26,16.12,717328,1734,284,100.00
4:00,16.70,16.56,718123,2419,284,95.77
4:00,17.14,17,773473,2166,284,100.00
4:00,17.54,17.4,773492,2163,284,0.00
4:00,18.08,17.94,717332,1898,284,75.00
4:00,18.28,18.14,717334,2026,284,100.00
4:00,18.49,18.35,716254,2092,284,100.00
4:00,18.64,18.5,773520,2942,284,83.45
4:00,19.56,19.42,717340,1959,284,100.00
4:00,19.75,19.61,717343,1606,284,0.00
4:00,20.04,19.9,773505,2459,284,70.77
4:00,20.04,19.9,773507,4116,284,95.77
4:00,20.52,20.38,717346,2165,284,91.55
4:00,20.67,20.53,717352,1829,284,54.58
4:00,21.14,21,773535,2872,284,100.00
4:00,21.60,R21.46,717357,2895,284,0.00
4:00,21.83,R21.69,717358,970,284,0.00
4:00,22.44,R22.3,716265,1303,284,0.00
4:00,22.64,R22.5,773439,1368,284,0.00
4:00,23.08,R22.94,718127,970,284,0.00
4:00,23.44,R23.3,774164,1368,284,0.00
4:00,23.84,R23.7,774180,1368,284,0.00
4:00,24.34,R24.2,774947,2870,426,0.00
4:00,24.65,R24.512,766806,2382,426,94.60
4:00,25.14,R25,774927,2697,426,32.86
4:00,25.84,R25.7,766661,1832,284,0.00
4:00,27.94,R27.8,774475,1771,284,8.80
4:00,28.68,R28.54,766569,1711,284,0.00
4:00,29.11,R28.97,766600,1526,284,91.90
4:00,29.29,R29.15,766644,1673,284,0.00
4:00,29.65,R29.51,766620,1302,284,0.00
4:00,29.87,R29.73,766585,2303,284,0.00
4:00,30.51,R30.371,766843,1526,284,100.00
5:00,0.69,.52,717262,2021,216,0.00
5:00,1.17,R1,773281,2549,360,100.00
5:00,1.73,R1.56,717264,3131,360,0.00
5:00,2.22,R2.05,717265,2042,360,0.00
5:00,2.63,R2.46,717268,2589,360,80.00
5:00,3.25,R3.08,716213,2446,288,0.00
5:00,3.57,R3.4,773258,3497,288,0.00
5:00,3.97,R3.8,773274,3694,432,0.00
5:00,4.52,R4.35,717273,2822,360,100.00
5:00,4.74,R4.564,717279,2511,432,33.33
5:00,5.11,R4.936,768444,3020,360,90.00
5:00,5.59,R5.42,773222,2581,288,0.00
5:00,6.97,R6.8,773232,2661,288,100.00
5:00,7.47,R7.3,773304,3290,288,25.00
5:00,7.77,R7.6,773293,4305,360,40.00
5:00,7.91,R7.74,717285,3817,288,0.00
5:00,8.08,R7.91,717290,2557,288,0.00
5:00,8.37,R8.2,773245,3702,360,80.00
5:00,8.37,R8.2,773342,3131,360,0.00
5:00,8.66,R8.52,717292,2913,288,100.00
5:00,9.14,9,773317,2783,288,50.00
5:00,9.60,9.46,717296,2940,288,75.00
5:00,9.75,9.61,717301,3119,360,80.00
5:00,10.27,10.13,717303,3033,360,100.00
5:00,10.40,10.26,717308,3521,360,100.00
5:00,10.74,10.6,773330,3465,360,0.00
5:00,11.12,10.98,717312,3149,360,80.00
5:00,11.71,11.57,716235,2275,288,0.00
5:00,12.24,12.1,716237,3519,432,66.67
5:00,12.78,12.64,717318,4232,360,100.00
5:00,13.34,13.2,773409,3711,360,0.00
5:00,14.24,14.1,773460,3104,360,0.00
5:00,14.64,14.5,767722,3241,360,66.67
5:00,15.12,14.98,718453,3641,360,0.00
5:00,15.54,15.4,773424,3455,288,83.33
5:00,16.05,15.91,717322,2898,288,100.00
5:00,16.26,16.12,717328,2942,288,100.00
5:00,16.70,16.56,718123,3895,288,95.83
5:00,17.14,17,773473,3502,288,100.00
5:00,17.54,17.4,773492,2895,288,0.00
5:00,18.08,17.94,717332,3048,288,75.00
5:00,18.28,18.14,717334,3363,288,100.00
5:00,18.49,18.35,716254,3527,288,100.00
5:00,18.64,18.5,773520,4331,288,83.33
5:00,19.56,19.42,717340,3229,288,100.00
5:00,19.75,19.61,717343,2376,288,0.00
5:00,20.04,19.9,773505,3733,288,70.83
5:00,20.04,19.9,773507,5505,288,95.83
5:00,20.52,20.38,717346,3454,288,91.67
5:00,20.67,20.53,717352,3039,288,58.33
5:00,21.14,21,773535,4582,288,100.00
5:00,21.60,R21.46,717357,4013,288,0.00
5:00,21.83,R21.69,717358,2627,288,0.00
5:00,22.44,R22.3,716265,3757,288,0.00
5:00,22.64,R22.5,773439,3497,288,0.00
5:00,23.08,R22.94,718127,2627,288,0.00
5:00,23.44,R23.3,774164,3497,288,0.00
5:00,23.84,R23.7,774180,3497,288,0.00
5:00,24.34,R24.2,774947,4160,432,0.00
5:00,24.65,R24.512,766806,4139,432,94.44
5:00,25.14,R25,774927,4014,432,33.33
5:00,25.84,R25.7,766661,2674,288,0.00
5:00,27.94,R27.8,774475,2916,288,7.99
5:00,28.68,R28.54,766569,2362,288,0.00
5:00,29.11,R28.97,766600,2544,288,91.67
5:00,29.29,R29.15,766644,2287,288,0.00
5:00,29.65,R29.51,766620,2262,288,0.00
5:00,29.87,R29.73,766585,3782,288,0.00
5:00,30.51,R30.371,766843,2879,288,100.00
6:00,0.69,.52,717262,2656,216,0.00
6:00,1.17,R1,773281,3782,360,100.00
6:00,1.73,R1.56,717264,4122,360,0.00
6:00,2.22,R2.05,717265,2789,360,0.00
6:00,2.63,R2.46,717268,3692,360,80.00
6:00,3.25,R3.08,716213,3000,288,0.00
6:00,3.57,R3.4,773258,5773,288,0.00
6:00,3.97,R3.8,773274,4672,432,0.00
6:00,4.52,R4.35,717273,4059,360,100.00
6:00,4.74,R4.564,717279,3599,432,33.33
6:00,5.11,R4.936,768444,4366,360,90.00
6:00,5.59,R5.42,773222,3370,288,0.00
6:00,6.97,R6.8,773232,3822,288,100.00
6:00,7.47,R7.3,773304,4289,288,25.00
6:00,7.77,R7.6,773293,5654,360,40.00
6:00,7.91,R7.74,717285,4701,288,0.00
6:00,8.08,R7.91,717290,3355,288,0.00
6:00,8.37,R8.2,773245,5114,360,80.00
6:00,8.37,R8.2,773342,4138,360,0.00
6:00,8.66,R8.52,717292,4192,288,100.00
6:00,9.14,9,773317,3761,288,50.00
6:00,9.60,9.46,717296,4160,288,75.00
6:00,9.75,9.61,717301,4454,360,80.00
6:00,10.27,10.13,717303,4361,360,100.00
6:00,10.40,10.26,717308,4961,360,100.00
6:00,10.74,10.6,773330,4461,360,0.00
6:00,11.12,10.98,717312,4462,360,80.00
6:00,11.71,11.57,716235,3046,288,0.00
6:00,12.24,12.1,716237,4721,432,66.67
6:00,12.78,12.64,717318,5466,360,100.00
6:00,13.34,13.2,773409,4390,360,0.00
6:00,14.24,14.1,773460,4076,360,0.00
6:00,14.64,14.5,767722,4363,360,66.67
6:00,15.12,14.98,718453,4605,360,0.00
6:00,15.54,15.4,773424,4481,288,83.33
6:00,16.05,15.91,717322,3907,288,100.00
6:00,16.26,16.12,717328,3930,288,100.00
6:00,16.70,16.56,718123,5025,288,95.83
6:00,17.14,17,773473,4636,288,100.00
6:00,17.54,17.4,773492,3651,288,0.00
6:00,18.08,17.94,717332,3942,288,75.00
6:00,18.28,18.14,717334,4297,288,100.00
6:00,18.49,18.35,716254,4604,288,100.00
6:00,18.64,18.5,773520,5223,288,83.33
6:00,19.56,19.42,717340,3978,288,100.00
6:00,19.75,19.61,717343,2970,288,0.00
6:00,20.04,19.9,773505,4499,288,70.83
6:00,20.04,19.9,773507,5752,288,95.83
6:00,20.52,20.38,717346,4180,288,91.67
6:00,20.67,20.53,717352,3677,288,58.33
6:00,21.14,21,773535,5566,288,100.00
6:00,21.60,R21.46,717357,4846,288,0.00
6:00,21.83,R21.69,717358,4280,288,0.00
6:00,22.44,R22.3,716265,6574,288,0.00
6:00,22.64,R22.5,773439,5773,288,0.00
6:00,23.08,R22.94,718127,4280,288,0.00
6:00,23.44,R23.3,774164,5773,288,0.00
6:00,23.84,R23.7,774180,5773,288,0.00
6:00,24.34,R24.2,774947,5489,432,0.00
6:00,24.65,R24.512,766806,6044,432,94.44
6:00,25.14,R25,774927,5249,432,33.33
6:00,25.84,R25.7,766661,3313,288,0.00
6:00,27.94,R27.8,774475,3780,288,6.60
6:00,28.68,R28.54,766569,2760,288,0.00
6:00,29.11,R28.97,766600,3293,288,91.67
6:00,29.29,R29.15,766644,2746,288,0.00
6:00,29.65,R29.51,766620,3148,288,0.00
6:00,29.87,R29.73,766585,5275,288,0.00
6:00,30.51,R30.371,766843,4229,288,100.00
7:00,0.69,.52,717262,3225,216,0.00
7:00,1.17,R1,773281,4803,360,100.00
7:00,1.73,R1.56,717264,4998,360,0.00
7:00,2.22,R2.05,717265,4379,360,0.00
7:00,2.63,R2.46,717268,4917,360,80.00
7:00,3.25,R3.08,716213,4131,288,0.00
7:00,3.57,R3.4,773258,7022,288,0.00
7:00,3.97,R3.8,773274,5798,432,0.00
7:00,4.52,R4.35,717273,5245,360,100.00
7:00,4.74,R4.564,717279,5162,432,33.33
7:00,5.11,R4.936,768444,5778,360,90.00
7:00,5.59,R5.42,773222,4370,288,0.00
7:00,6.97,R6.8,773232,4853,288,100.00
7:00,7.47,R7.3,773304,5076,288,25.00
7:00,7.77,R7.6,773293,6779,360,40.00
7:00,7.91,R7.74,717285,5558,288,0.00
7:00,8.08,R7.91,717290,4291,288,0.00
7:00,8.37,R8.2,773245,6418,360,80.00
7:00,8.37,R8.2,773342,5286,360,0.00
7:00,8.66,R8.52,717292,5437,288,100.00
7:00,9.14,9,773317,5159,288,50.00
7:00,9.60,9.46,717296,5427,288,75.00
7:00,9.75,9.61,717301,6095,360,80.00
7:00,10.27,10.13,717303,5940,360,100.00
7:00,10.40,10.26,717308,7045,360,100.00
7:00,10.74,10.6,773330,5896,360,0.00
7:00,11.12,10.98,717312,6020,360,80.00
7:00,11.71,11.57,716235,3776,288,0.00
7:00,12.24,12.1,716237,5865,432,66.67
7:00,12.78,12.64,717318,6614,360,100.00
7:00,13.34,13.2,773409,5285,360,0.00
7:00,14.24,14.1,773460,4981,360,0.00
7:00,14.64,14.5,767722,5208,360,64.44
7:00,15.12,14.98,718453,5179,360,0.00
7:00,15.54,15.4,773424,4929,288,80.56
7:00,16.05,15.91,717322,4374,288,100.00
7:00,16.26,16.12,717328,4554,288,100.00
7:00,16.70,16.56,718123,5706,288,95.83
7:00,17.14,17,773473,5280,288,100.00
7:00,17.54,17.4,773492,4295,288,0.00
7:00,18.08,17.94,717332,4240,288,75.00
7:00,18.28,18.14,717334,4671,288,100.00
7:00,18.49,18.35,716254,5131,288,100.00
7:00,18.64,18.5,773520,5581,288,83.33
7:00,19.56,19.42,717340,4513,288,100.00
7:00,19.75,19.61,717343,3284,288,0.00
7:00,20.04,19.9,773505,5057,288,70.83
7:00,20.04,19.9,773507,5464,288,95.83
7:00,20.52,20.38,717346,4506,288,91.67
7:00,20.67,20.53,717352,3929,288,58.33
7:00,21.14,21,773535,6056,288,100.00
7:00,21.60,R21.46,717357,5357,288,0.00
7:00,21.83,R21.69,717358,5146,288,0.00
7:00,22.44,R22.3,716265,7712,288,0.00
7:00,22.64,R22.5,773439,7022,288,0.00
7:00,23.08,R22.94,718127,5146,288,0.00
7:00,23.44,R23.3,774164,7022,288,0.00
7:00,23.84,R23.7,774180,7022,288,0.00
7:00,24.34,R24.2,774947,5834,432,0.00
7:00,24.65,R24.512,766806,6591,432,94.44
7:00,25.14,R25,774927,5702,432,33.33
7:00,25.84,R25.7,766661,3633,288,0.00
7:00,27.94,R27.8,774475,4272,288,6.60
7:00,28.68,R28.54,766569,3177,288,0.00
7:00,29.11,R28.97,766600,3670,288,91.67
7:00,29.29,R29.15,766644,3184,288,0.00
7:00,29.65,R29.51,766620,3430,288,0.00
7:00,29.87,R29.73,766585,5413,288,0.00
7:00,30.51,R30.371,766843,4467,288,100.00
8:00,0.69,.52,717262,3049,216,0.00
8:00,1.17,R1,773281,4462,360,100.00
8:00,1.73,R1.56,717264,4729,360,0.00
8:00,2.22,R2.05,717265,3751,360,0.00
8:00,2.63,R2.46,717268,4270,360,80.00
8:00,3.25,R3.08,716213,3653,288,0.00
8:00,3.57,R3.4,773258,6799,288,0.00
8:00,3.97,R3.8,773274,5613,432,0.00
8:00,4.52,R4.35,717273,4859,360,100.00
8:00,4.74,R4.564,717279,5068,432,33.33
8:00,5.11,R4.936,768444,5387,360,90.00
8:00,5.59,R5.42,773222,4275,288,0.00
8:00,6.97,R6.8,773232,4437,288,100.00
8:00,7.47,R7.3,773304,4660,288,25.00
8:00,7.77,R7.6,773293,6098,360,40.00
8:00,7.91,R7.74,717285,5070,288,0.00
8:00,8.08,R7.91,717290,4099,288,0.00
8:00,8.37,R8.2,773245,5903,360,80.00
8:00,8.37,R8.2,773342,5038,360,0.00
8:00,8.66,R8.52,717292,5014,288,100.00
8:00,9.14,9,773317,5062,288,50.00
8:00,9.60,9.46,717296,5249,288,75.00
8:00,9.75,9.61,717301,6009,360,80.00
8:00,10.27,10.13,717303,5959,360,100.00
8:00,10.40,10.26,717308,7348,360,100.00
8:00,10.74,10.6,773330,5827,360,0.00
8:00,11.12,10.98,717312,6230,360,80.00
8:00,11.71,11.57,716235,3997,288,0.00
8:00,12.24,12.1,716237,6298,432,66.67
8:00,12.78,12.64,717318,7064,360,100.00
8:00,13.34,13.2,773409,5561,360,0.00
8:00,14.24,14.1,773460,5978,360,0.00
8:00,14.64,14.5,767722,5633,360,53.33
8:00,15.12,14.98,718453,5383,360,0.00
8:00,15.54,15.4,773424,4479,288,66.67
8:00,16.05,15.91,717322,4438,288,100.00
8:00,16.26,16.12,717328,4788,288,100.00
8:00,16.70,16.56,718123,5750,288,95.83
8:00,17.14,17,773473,5514,288,100.00
8:00,17.54,17.4,773492,4485,288,0.00
8:00,18.08,17.94,717332,4231,288,75.00
8:00,18.28,18.14,717334,4664,288,100.00
8:00,18.49,18.35,716254,5227,288,100.00
8:00,18.64,18.5,773520,5591,288,83.33
8:00,19.56,19.42,717340,4633,288,100.00
8:00,19.75,19.61,717343,3496,288,0.00
8:00,20.04,19.9,773505,5183,288,70.83
8:00,20.04,19.9,773507,5529,288,95.83
8:00,20.52,20.38,717346,4560,288,91.67
8:00,20.67,20.53,717352,3959,288,58.33
8:00,21.14,21,773535,6224,288,100.00
8:00,21.60,R21.46,717357,5646,288,0.00
8:00,21.83,R21.69,717358,5008,288,0.00
8:00,22.44,R22.3,716265,7379,288,0.00
8:00,22.64,R22.5,773439,6799,288,0.00
8:00,23.08,R22.94,718127,5008,288,0.00
8:00,23.44,R23.3,774164,6799,288,0.00
8:00,23.84,R23.7,774180,6799,288,0.00
8:00,24.34,R24.2,774947,5847,432,0.00
8:00,24.65,R24.512,766806,6830,432,94.44
8:00,25.14,R25,774927,5952,432,33.33
8:00,25.84,R25.7,766661,3817,288,0.00
8:00,27.94,R27.8,774475,4550,288,12.15
8:00,28.68,R28.54,766569,3413,288,0.00
8:00,29.11,R28.97,766600,3908,288,91.67
8:00,29.29,R29.15,766644,3375,288,0.00
8:00,29.65,R29.51,766620,3456,288,0.00
8:00,29.87,R29.73,766585,5384,288,0.00
8:00,30.51,R30.371,766843,4566,288,100.00
9:00,0.69,.52,717262,3074,216,0.00
9:00,1.17,R1,773281,4482,360,100.00
9:00,1.73,R1.56,717264,4766,360,0.00
9:00,2.22,R2.05,717265,3720,360,0.00
9:00,2.63,R2.46,717268,4132,360,80.00
9:00,3.25,R3.08,716213,3647,288,0.00
9:00,3.57,R3.4,773258,6764,288,0.00
9:00,3.97,R3.8,773274,5331,432,0.00
9:00,4.52,R4.35,717273,4494,360,100.00
9:00,4.74,R4.564,717279,4841,432,33.33
9:00,5.11,R4.936,768444,5072,360,90.00
9:00,5.59,R5.42,773222,4138,288,0.00
9:00,6.97,R6.8,773232,4108,288,100.00
9:00,7.47,R7.3,773304,4344,288,25.00
9:00,7.77,R7.6,773293,5505,360,40.00
9:00,7.91,R7.74,717285,4667,288,0.00
9:00,8.08,R7.91,717290,4071,288,0.00
9:00,8.37,R8.2,773245,5612,360,80.00
9:00,8.37,R8.2,773342,4835,360,0.00
9:00,8.66,R8.52,717292,4441,288,100.00
9:00,9.14,9,773317,4609,288,50.00
9:00,9.60,9.46,717296,4593,288,75.00
9:00,9.75,9.61,717301,5167,360,80.00
9:00,10.27,10.13,717303,5082,360,100.00
9:00,10.40,10.26,717308,6302,360,100.00
9:00,10.74,10.6,773330,5238,360,0.00
9:00,11.12,10.98,717312,5366,360,80.00
9:00,11.71,11.57,716235,3596,288,0.00
9:00,12.24,12.1,716237,5535,432,66.67
9:00,12.78,12.64,717318,6386,360,100.00
9:00,13.34,13.2,773409,5258,360,0.00
9:00,14.24,14.1,773460,5728,360,0.00
9:00,14.64,14.5,767722,5407,360,53.33
9:00,15.12,14.98,718453,5519,360,0.00
9:00,15.54,15.4,773424,4851,288,66.67
9:00,16.05,15.91,717322,4462,288,100.00
9:00,16.26,16.12,717328,4405,288,100.00
9:00,16.70,16.56,718123,5888,288,95.83
9:00,17.14,17,773473,5442,288,100.00
9:00,17.54,17.4,773492,4398,288,0.00
9:00,18.08,17.94,717332,4128,288,75.00
9:00,18.28,18.14,717334,4544,288,100.00
9:00,18.49,18.35,716254,5014,288,100.00
9:00,18.64,18.5,773520,5479,288,83.33
9:00,19.56,19.42,717340,4430,288,100.00
9:00,19.75,19.61,717343,3654,288,0.00
9:00,20.04,19.9,773505,5270,288,70.83
9:00,20.04,19.9,773507,5943,288,95.83
9:00,20.52,20.38,717346,4525,288,91.67
9:00,20.67,20.53,717352,3980,288,58.33
9:00,21.14,21,773535,6448,288,100.00
9:00,21.60,R21.46,717357,5932,288,0.00
9:00,21.83,R21.69,717358,4595,288,0.00
9:00,22.44,R22.3,716265,7525,288,0.00
9:00,22.64,R22.5,773439,6764,288,0.00
9:00,23.08,R22.94,718127,4595,288,0.00
9:00,23.44,R23.3,774164,6764,288,0.00
9:00,23.84,R23.7,774180,6764,288,0.00
9:00,24.34,R24.2,774947,5831,432,0.00
9:00,24.65,R24.512,766806,6802,432,94.44
9:00,25.14,R25,774927,5868,432,33.33
9:00,25.84,R25.7,766661,3887,288,0.00
9:00,27.94,R27.8,774475,4517,288,20.83
9:00,28.68,R28.54,766569,3502,288,0.00
9:00,29.11,R28.97,766600,3646,288,91.67
9:00,29.29,R29.15,766644,3357,288,0.00
9:00,29.65,R29.51,766620,3351,288,0.00
9:00,29.87,R29.73,766585,4849,288,0.00
9:00,30.51,R30.371,766843,4165,288,100.00
10:00,0.69,.52,717262,3424,216,0.00
10:00,1.17,R1,773281,5138,360,100.00
10:00,1.73,R1.56,717264,5305,360,0.00
10:00,2.22,R2.05,717265,4378,360,0.00
10:00,2.63,R2.46,717268,4640,360,80.00
10:00,3.25,R3.08,716213,4035,288,0.00
10:00,3.57,R3.4,773258,6762,288,0.00
10:00,3.97,R3.8,773274,5721,432,0.00
10:00,4.52,R4.35,717273,4885,360,100.00
10:00,4.74,R4.564,717279,5372,432,33.33
10:00,5.11,R4.936,768444,5460,360,90.00
10:00,5.59,R5.42,773222,4411,288,0.00
10:00,6.97,R6.8,773232,4417,288,100.00
10:00,7.47,R7.3,773304,4550,288,25.00
10:00,7.77,R7.6,773293,5633,360,40.00
10:00,7.91,R7.74,717285,4744,288,0.00
10:00,8.08,R7.91,717290,4288,288,0.00
10:00,8.37,R8.2,773245,5878,360,80.00
10:00,8.37,R8.2,773342,5041,360,0.00
10:00,8.66,R8.52,717292,4583,288,100.00
10:00,9.14,9,773317,4708,288,50.00
10:00,9.60,9.46,717296,4599,288,75.00
10:00,9.75,9.61,717301,5070,360,80.00
10:00,10.27,10.13,717303,4991,360,100.00
10:00,10.40,10.26,717308,6147,360,100.00
10:00,10.74,10.6,773330,5162,360,0.00
10:00,11.12,10.98,717312,5207,360,80.00
10:00,11.71,11.57,716235,3524,288,0.00
10:00,12.24,12.1,716237,5431,432,66.67
10:00,12.78,12.64,717318,6348,360,100.00
10:00,13.34,13.2,773409,5310,360,0.00
10:00,14.24,14.1,773460,5697,360,0.00
10:00,14.64,14.5,767722,5336,360,53.33
10:00,15.12,14.98,718453,5668,360,0.00
10:00,15.54,15.4,773424,4994,288,66.67
10:00,16.05,15.91,717322,4418,288,100.00
10:00,16.26,16.12,717328,4257,288,100.00
10:00,16.70,16.56,718123,5807,288,95.83
10:00,17.14,17,773473,5349,288,100.00
10:00,17.54,17.4,773492,4404,288,0.00
10:00,18.08,17.94,717332,4069,288,75.00
10:00,18.28,18.14,717334,4473,288,100.00
10:00,18.49,18.35,716254,4893,288,100.00
10:00,18.64,18.5,773520,5287,288,83.33
10:00,19.56,19.42,717340,4285,288,100.00
10:00,19.75,19.61,717343,3620,288,0.00
10:00,20.04,19.9,773505,5285,288,70.83
10:00,20.04,19.9,773507,6017,288,95.83
10:00,20.52,20.38,717346,4486,288,91.67
10:00,20.67,20.53,717352,3952,288,58.33
10:00,21.14,21,773535,6401,288,100.00
10:00,21.60,R21.46,717357,5926,288,0.00
10:00,21.83,R21.69,717358,4568,288,0.00
10:00,22.44,R22.3,716265,7700,288,0.00
10:00,22.64,R22.5,773439,6762,288,0.00
10:00,23.08,R22.94,718127,4568,288,0.00
10:00,23.44,R23.3,774164,6762,288,0.00
10:00,23.84,R23.7,774180,6762,288,0.00
10:00,24.34,R24.2,774947,5893,432,0.00
10:00,24.65,R24.512,766806,6876,432,94.44
10:00,25.14,R25,774927,6003,432,33.33
10:00,25.84,R25.7,766661,3996,288,0.00
10:00,27.94,R27.8,774475,4579,288,19.79
10:00,28.68,R28.54,766569,3509,288,0.00
10:00,29.11,R28.97,766600,3641,288,91.67
10:00,29.29,R29.15,766644,3374,288,0.00
10:00,29.65,R29.51,766620,3320,288,0.00
10:00,29.87,R29.73,766585,4674,288,0.00
10:00,30.51,R30.371,766843,4128,288,100.00
11:00,0.69,.52,717262,3938,216,0.00
11:00,1.17,R1,773281,6206,360,100.00
11:00,1.73,R1.56,717264,6102,360,0.00
11:00,2.22,R2.05,717265,5095,360,0.00
11:00,2.63,R2.46,717268,5597,360,80.00
11:00,3.25,R3.08,716213,4559,288,0.00
11:00,3.57,R3.4,773258,7175,288,0.00
11:00,3.97,R3.8,773274,6314,432,0.00
11:00,4.52,R4.35,717273,5679,360,100.00
11:00,4.74,R4.564,717279,5959,432,33.33
11:00,5.11,R4.936,768444,6276,360,90.00
11:00,5.59,R5.42,773222,4866,288,0.00
11:00,6.97,R6.8,773232,5193,288,100.00
11:00,7.47,R7.3,773304,5149,288,25.00
11:00,7.77,R7.6,773293,6510,360,40.00
11:00,7.91,R7.74,717285,5351,288,0.00
11:00,8.08,R7.91,717290,4665,288,0.00
11:00,8.37,R8.2,773245,6732,360,80.00
11:00,8.37,R8.2,773342,5581,360,0.00
11:00,8.66,R8.52,717292,5273,288,100.00
11:00,9.14,9,773317,5267,288,48.61
11:00,9.60,9.46,717296,5300,288,72.92
11:00,9.75,9.61,717301,5769,360,77.78
11:00,10.27,10.13,717303,5636,360,100.00
11:00,10.40,10.26,717308,6839,360,100.00
11:00,10.74,10.6,773330,5625,360,0.00
11:00,11.12,10.98,717312,5829,360,80.00
11:00,11.71,11.57,716235,3871,288,0.00
11:00,12.24,12.1,716237,5964,432,66.67
11:00,12.78,12.64,717318,6877,360,100.00
11:00,13.34,13.2,773409,5676,360,0.00
11:00,14.24,14.1,773460,6042,360,0.00
11:00,14.64,14.5,767722,5743,360,53.33
11:00,15.12,14.98,718453,5927,360,0.00
11:00,15.54,15.4,773424,5256,288,66.67
11:00,16.05,15.91,717322,4756,288,100.00
11:00,16.26,16.12,717328,4583,288,100.00
11:00,16.70,16.56,718123,6174,288,95.83
11:00,17.14,17,773473,5724,288,100.00
11:00,17.54,17.4,773492,4641,288,0.00
11:00,18.08,17.94,717332,4350,288,75.00
11:00,18.28,18.14,717334,4714,288,100.00
11:00,18.49,18.35,716254,5132,288,100.00
11:00,18.64,18.5,773520,5554,288,83.33
11:00,19.56,19.42,717340,4493,288,100.00
11:00,19.75,19.61,717343,3707,288,0.00
11:00,20.04,19.9,773505,5442,288,70.83
11:00,20.04,19.9,773507,6082,288,95.83
11:00,20.52,20.38,717346,4729,288,91.67
11:00,20.67,20.53,717352,4114,288,58.33
11:00,21.14,21,773535,6428,288,93.06
11:00,21.60,R21.46,717357,5948,288,0.00
11:00,21.83,R21.69,717358,4726,288,0.00
11:00,22.44,R22.3,716265,7851,288,0.00
11:00,22.64,R22.5,773439,7175,288,0.00
11:00,23.08,R22.94,718127,4726,288,0.00
11:00,23.44,R23.3,774164,7175,288,0.00
11:00,23.84,R23.7,774180,7175,288,0.00
11:00,24.34,R24.2,774947,6120,432,0.00
11:00,24.65,R24.512,766806,7129,432,94.44
11:00,25.14,R25,774927,6287,432,33.33
11:00,25.84,R25.7,766661,4257,288,0.00
11:00,27.94,R27.8,774475,4889,288,25.00
11:00,28.68,R28.54,766569,3681,288,0.00
11:00,29.11,R28.97,766600,3814,288,91.67
11:00,29.29,R29.15,766644,3494,288,0.00
11:00,29.65,R29.51,766620,3419,288,0.00
11:00,29.87,R29.73,766585,4834,288,0.00
11:00,30.51,R30.371,766843,4355,288,100.00
12:00,0.69,.52,717262,4277,213,0.00
12:00,1.17,R1,773281,7002,355,100.00
12:00,1.73,R1.56,717264,6624,355,0.00
12:00,2.22,R2.05,717265,5819,360,0.00
12:00,2.63,R2.46,717268,6446,360,80.00
12:00,3.25,R3.08,716213,5061,288,0.00
12:00,3.57,R3.4,773258,7118,284,0.00
12:00,3.97,R3.8,773274,6616,426,0.00
12:00,4.52,R4.35,717273,6133,355,100.00
12:00,4.74,R4.564,717279,6412,426,33.33
12:00,5.11,R4.936,768444,6680,355,89.86
12:00,5.59,R5.42,773222,5025,284,0.00
12:00,6.97,R6.8,773232,5553,284,100.00
12:00,7.47,R7.3,773304,5490,288,25.00
12:00,7.77,R7.6,773293,6963,355,40.00
12:00,7.91,R7.74,717285,5633,284,0.00
12:00,8.08,R7.91,717290,4883,284,0.00
12:00,8.37,R8.2,773245,7131,355,80.00
12:00,8.37,R8.2,773342,5930,360,0.00
12:00,8.66,R8.52,717292,5756,288,100.00
12:00,9.14,9,773317,5605,284,47.18
12:00,9.60,9.46,717296,5780,288,70.83
12:00,9.75,9.61,717301,6133,355,75.49
12:00,10.27,10.13,717303,6065,355,100.00
12:00,10.40,10.26,717308,7374,360,100.00
12:00,10.74,10.6,773330,5937,360,0.00
12:00,11.12,10.98,717312,6181,355,80.00
12:00,11.71,11.57,716235,4077,284,0.00
12:00,12.24,12.1,716237,6443,426,66.67
12:00,12.78,12.64,717318,7311,355,100.00
12:00,13.34,13.2,773409,6050,360,0.00
12:00,14.24,14.1,773460,6110,355,0.00
12:00,14.64,14.5,767722,6003,355,54.08
12:00,15.12,14.98,718453,5855,355,0.00
12:00,15.54,15.4,773424,5419,288,66.67
12:00,16.05,15.91,717322,5005,288,100.00
12:00,16.26,16.12,717328,4936,284,100.00
12:00,16.70,16.56,718123,6255,284,96.13
12:00,17.14,17,773473,5848,284,100.00
12:00,17.54,17.4,773492,4684,284,0.00
12:00,18.08,17.94,717332,4535,288,75.00
12:00,18.28,18.14,717334,4871,284,100.00
12:00,18.49,18.35,716254,5331,284,100.00
12:00,18.64,18.5,773520,5708,284,83.45
12:00,19.56,19.42,717340,4702,284,100.00
12:00,19.75,19.61,717343,3881,288,0.00
12:00,20.04,19.9,773505,5715,288,70.83
12:00,20.04,19.9,773507,6180,288,95.83
12:00,20.52,20.38,717346,5018,288,91.67
12:00,20.67,20.53,717352,4274,284,57.75
12:00,21.14,21,773535,6894,288,98.61
12:00,21.60,R21.46,717357,6270,288,0.00
12:00,21.83,R21.69,717358,4874,284,0.00
12:00,22.44,R22.3,716265,7904,284,0.00
12:00,22.64,R22.5,773439,7118,284,0.00
12:00,23.08,R22.94,718127,4944,288,0.00
12:00,23.44,R23.3,774164,7118,284,0.00
12:00,23.84,R23.7,774180,7118,284,0.00
12:00,24.34,R24.2,774947,6199,426,0.00
12:00,24.65,R24.512,766806,7309,426,94.60
12:00,25.14,R25,774927,6416,426,33.80
12:00,25.84,R25.7,766661,4368,284,0.00
12:00,27.94,R27.8,774475,5044,284,28.52
12:00,28.68,R28.54,766569,3733,284,0.00
12:00,29.11,R28.97,766600,3924,284,91.90
12:00,29.29,R29.15,766644,3494,284,0.00
12:00,29.65,R29.51,766620,3524,284,0.00
12:00,29.87,R29.73,766585,5101,288,0.00
12:00,30.51,R30.371,766843,4628,284,100.00
13:00,0.69,.52,717262,4647,216,0.00
13:00,1.17,R1,773281,7879,360,100.00
13:00,1.73,R1.56,717264,7207,360,0.00
13:00,2.22,R2.05,717265,6449,360,0.00
13:00,2.63,R2.46,717268,7099,360,80.00
13:00,3.25,R3.08,716213,5429,288,0.00
13:00,3.57,R3.4,773258,7430,288,0.00
13:00,3.97,R3.8,773274,6950,432,0.00
13:00,4.52,R4.35,717273,6592,360,100.00
13:00,4.74,R4.564,717279,7015,432,33.33
13:00,5.11,R4.936,768444,6964,360,90.00
13:00,5.59,R5.42,773222,5184,288,0.00
13:00,6.97,R6.8,773232,5874,288,100.00
13:00,7.47,R7.3,773304,5628,288,25.00
13:00,7.77,R7.6,773293,7240,360,40.00
13:00,7.91,R7.74,717285,5878,288,0.00
13:00,8.08,R7.91,717290,5061,288,0.00
13:00,8.37,R8.2,773245,7365,360,80.00
13:00,8.37,R8.2,773342,6079,360,0.00
13:00,8.66,R8.52,717292,5943,288,100.00
13:00,9.14,9,773317,5947,288,49.31
13:00,9.60,9.46,717296,5980,288,75.00
13:00,9.75,9.61,717301,6638,360,80.00
13:00,10.27,10.13,717303,6504,360,100.00
13:00,10.40,10.26,717308,7771,360,100.00
13:00,10.74,10.6,773330,6120,360,0.00
13:00,11.12,10.98,717312,6585,360,80.00
13:00,11.71,11.57,716235,4362,288,0.00
13:00,12.24,12.1,716237,7084,432,66.67
13:00,12.78,12.64,717318,7947,360,100.00
13:00,13.34,13.2,773409,6377,360,0.00
13:00,14.24,14.1,773460,6453,360,0.00
13:00,14.64,14.5,767722,6345,360,53.33
13:00,15.12,14.98,718453,6033,360,0.00
13:00,15.54,15.4,773424,5494,288,66.67
13:00,16.05,15.91,717322,5144,288,100.00
13:00,16.26,16.12,717328,5395,288,100.00
13:00,16.70,16.56,718123,6471,288,95.83
13:00,17.14,17,773473,6110,288,100.00
13:00,17.54,17.4,773492,4980,288,0.00
13:00,18.08,17.94,717332,4800,288,75.00
13:00,18.28,18.14,717334,5205,288,100.00
13:00,18.49,18.35,716254,5725,288,100.00
13:00,18.64,18.5,773520,5980,288,83.33
13:00,19.56,19.42,717340,5060,288,100.00
13:00,19.75,19.61,717343,3964,288,0.00
13:00,20.04,19.9,773505,5918,288,70.83
13:00,20.04,19.9,773507,6213,288,95.83
13:00,20.52,20.38,717346,5244,288,91.67
13:00,20.67,20.53,717352,4669,288,57.64
13:00,21.14,21,773535,6792,288,93.06
13:00,21.60,R21.46,717357,6200,288,0.00
13:00,21.83,R21.69,717358,5102,288,0.00
13:00,22.44,R22.3,716265,8180,288,0.00
13:00,22.64,R22.5,773439,7430,288,0.00
13:00,23.08,R22.94,718127,5102,288,0.00
13:00,23.44,R23.3,774164,7430,288,0.00
13:00,23.84,R23.7,774180,7430,288,0.00
13:00,24.34,R24.2,774947,6380,432,0.00
13:00,24.65,R24.512,766806,7685,432,94.44
13:00,25.14,R25,774927,6727,432,33.33
13:00,25.84,R25.7,766661,4547,288,0.00
13:00,27.94,R27.8,774475,5460,288,25.00
13:00,28.68,R28.54,766569,3954,288,0.00
13:00,29.11,R28.97,766600,4334,288,91.67
13:00,29.29,R29.15,766644,3739,288,0.00
13:00,29.65,R29.51,766620,3806,288,0.00
13:00,29.87,R29.73,766585,5534,288,0.00
13:00,30.51,R30.371,766843,5143,288,100.00
14:00,0.69,.52,717262,4929,216,0.00
14:00,1.17,R1,773281,8449,360,100.00
14:00,1.73,R1.56,717264,7638,360,0.00
14:00,2.22,R2.05,717265,6933,360,0.00
14:00,2.63,R2.46,717268,7490,360,80.00
14:00,3.25,R3.08,716213,5693,288,0.00
14:00,3.57,R3.4,773258,7704,288,0.00
14:00,3.97,R3.8,773274,6701,432,0.00
14:00,4.52,R4.35,717273,6405,360,100.00
14:00,4.74,R4.564,717279,6946,432,33.33
14:00,5.11,R4.936,768444,6323,360,90.00
14:00,5.59,R5.42,773222,4878,288,0.00
14:00,6.97,R6.8,773232,5472,288,100.00
14:00,7.47,R7.3,773304,5194,288,25.00
14:00,7.77,R7.6,773293,6718,360,40.00
14:00,7.91,R7.74,717285,5588,288,0.00
14:00,8.08,R7.91,717290,4631,288,0.00
14:00,8.37,R8.2,773245,6438,360,80.00
14:00,8.37,R8.2,773342,5776,360,0.00
14:00,8.66,R8.52,717292,5705,288,100.00
14:00,9.14,9,773317,5858,288,50.00
14:00,9.60,9.46,717296,5826,288,75.00
14:00,9.75,9.61,717301,6660,360,80.00
14:00,10.27,10.13,717303,6577,360,100.00
14:00,10.40,10.26,717308,7958,360,100.00
14:00,10.74,10.6,773330,6309,360,0.00
14:00,11.12,10.98,717312,7009,360,80.00
14:00,11.71,11.57,716235,4432,288,0.00
14:00,12.24,12.1,716237,7269,432,66.67
14:00,12.78,12.64,717318,8216,360,100.00
14:00,13.34,13.2,773409,6560,360,0.00
14:00,14.24,14.1,773460,6507,360,0.00
14:00,14.64,14.5,767722,6341,360,53.33
14:00,15.12,14.98,718453,6061,360,0.00
14:00,15.54,15.4,773424,5292,288,66.67
14:00,16.05,15.91,717322,5034,288,100.00
14:00,16.26,16.12,717328,5444,288,100.00
14:00,16.70,16.56,718123,6182,288,95.83
14:00,17.14,17,773473,5823,288,100.00
14:00,17.54,17.4,773492,4853,288,0.00
14:00,18.08,17.94,717332,4598,288,75.00
14:00,18.28,18.14,717334,4863,288,100.00
14:00,18.49,18.35,716254,5413,288,100.00
14:00,18.64,18.5,773520,5663,288,83.33
14:00,19.56,19.42,717340,4755,288,100.00
14:00,19.75,19.61,717343,3792,288,0.00
14:00,20.04,19.9,773505,5440,288,70.83
14:00,20.04,19.9,773507,6359,288,95.83
14:00,20.52,20.38,717346,4934,288,91.67
14:00,20.67,20.53,717352,4426,288,58.33
14:00,21.14,21,773535,6434,288,95.83
14:00,21.60,R21.46,717357,5917,288,0.00
14:00,21.83,R21.69,717358,5435,288,0.00
14:00,22.44,R22.3,716265,8360,288,0.00
14:00,22.64,R22.5,773439,7704,288,0.00
14:00,23.08,R22.94,718127,5435,288,0.00
14:00,23.44,R23.3,774164,7704,288,0.00
14:00,23.84,R23.7,774180,7704,288,0.00
14:00,24.34,R24.2,774947,6386,432,0.00
14:00,24.65,R24.512,766806,7582,432,94.44
14:00,25.14,R25,774927,6762,432,33.33
14:00,25.84,R25.7,766661,4635,288,0.00
14:00,27.94,R27.8,774475,5757,288,22.92
14:00,28.68,R28.54,766569,4026,288,0.00
14:00,29.11,R28.97,766600,4547,288,91.67
14:00,29.29,R29.15,766644,3841,288,0.00
14:00,29.65,R29.51,766620,4068,288,0.00
14:00,29.87,R29.73,766585,5693,288,0.00
14:00,30.51,R30.371,766843,5413,288,100.00
15:00,0.69,.52,717262,5121,216,0.00
15:00,1.17,R1,773281,8761,360,100.00
15:00,1.73,R1.56,717264,7921,360,0.00
15:00,2.22,R2.05,717265,6964,360,0.00
15:00,2.63,R2.46,717268,7307,360,80.00
15:00,3.25,R3.08,716213,5569,288,0.00
15:00,3.57,R3.4,773258,7776,288,0.00
15:00,3.97,R3.8,773274,6492,432,0.00
15:00,4.52,R4.35,717273,6279,360,100.00
15:00,4.74,R4.564,717279,6916,432,33.33
15:00,5.11,R4.936,768444,6130,360,90.00
15:00,5.59,R5.42,773222,4799,288,0.00
15:00,6.97,R6.8,773232,5384,288,100.00
15:00,7.47,R7.3,773304,5096,288,25.00
15:00,7.77,R7.6,773293,6617,360,40.00
15:00,7.91,R7.74,717285,5609,288,0.00
15:00,8.08,R7.91,717290,4474,288,0.00
15:00,8.37,R8.2,773245,6110,360,80.00
15:00,8.37,R8.2,773342,5678,360,0.00
15:00,8.66,R8.52,717292,5658,288,100.00
15:00,9.14,9,773317,6005,288,50.00
15:00,9.60,9.46,717296,5842,288,75.00
15:00,9.75,9.61,717301,6691,360,80.00
15:00,10.27,10.13,717303,6588,360,100.00
15:00,10.40,10.26,717308,8124,360,100.00
15:00,10.74,10.6,773330,6472,360,0.00
15:00,11.12,10.98,717312,7264,360,80.00
15:00,11.71,11.57,716235,4393,288,0.00
15:00,12.24,12.1,716237,7117,432,66.67
15:00,12.78,12.64,717318,8044,360,100.00
15:00,13.34,13.2,773409,6486,360,0.00
15:00,14.24,14.1,773460,6581,360,0.00
15:00,14.64,14.5,767722,6084,360,53.33
15:00,15.12,14.98,718453,5690,360,0.00
15:00,15.54,15.4,773424,4690,288,66.67
15:00,16.05,15.91,717322,4627,288,100.00
15:00,16.26,16.12,717328,5209,288,100.00
15:00,16.70,16.56,718123,5554,288,95.83
15:00,17.14,17,773473,5350,288,100.00
15:00,17.54,17.4,773492,4498,288,0.00
15:00,18.08,17.94,717332,4232,288,75.00
15:00,18.28,18.14,717334,4479,288,100.00
15:00,18.49,18.35,716254,4964,288,100.00
15:00,18.64,18.5,773520,5134,288,83.33
15:00,19.56,19.42,717340,4391,288,100.00
15:00,19.75,19.61,717343,3732,288,0.00
15:00,20.04,19.9,773505,4993,288,70.83
15:00,20.04,19.9,773507,6470,288,95.83
15:00,20.52,20.38,717346,4486,288,91.67
15:00,20.67,20.53,717352,4081,288,58.33
15:00,21.14,21,773535,5998,288,98.61
15:00,21.60,R21.46,717357,5548,288,0.00
15:00,21.83,R21.69,717358,5568,288,0.00
15:00,22.44,R22.3,716265,7978,288,0.00
15:00,22.64,R22.5,773439,7776,288,0.00
15:00,23.08,R22.94,718127,5568,288,0.00
15:00,23.44,R23.3,774164,7776,288,0.00
15:00,23.84,R23.7,774180,7776,288,0.00
15:00,24.34,R24.2,774947,6246,432,0.00
15:00,24.65,R24.512,766806,7275,432,94.44
15:00,25.14,R25,774927,6655,432,33.33
15:00,25.84,R25.7,766661,4830,288,0.00
15:00,27.94,R27.8,774475,5997,288,22.92
15:00,28.68,R28.54,766569,4276,288,0.00
15:00,29.11,R28.97,766600,4623,288,91.67
15:00,29.29,R29.15,766644,4101,288,0.00
15:00,29.65,R29.51,766620,4107,288,0.00
15:00,29.87,R29.73,766585,5330,288,0.00
15:00,30.51,R30.371,766843,5256,288,100.00
16:00,0.69,.52,717262,5179,216,0.00
16:00,1.17,R1,773281,8941,360,100.00
16:00,1.73,R1.56,717264,8015,360,0.00
16:00,2.22,R2.05,717265,7424,360,0.00
16:00,2.63,R2.46,717268,7683,360,80.00
16:00,3.25,R3.08,716213,5871,288,0.00
16:00,3.57,R3.4,773258,7708,288,0.00
16:00,3.97,R3.8,773274,6657,432,0.00
16:00,4.52,R4.35,717273,6282,360,97.22
16:00,4.74,R4.564,717279,6963,432,32.41
16:00,5.11,R4.936,768444,6128,360,87.22
16:00,5.59,R5.42,773222,4828,288,0.00
16:00,6.97,R6.8,773232,5206,288,97.22
16:00,7.47,R7.3,773304,4965,288,24.31
16:00,7.77,R7.6,773293,6358,360,38.89
16:00,7.91,R7.74,717285,5333,288,0.00
16:00,8.08,R7.91,717290,4505,288,0.00
16:00,8.37,R8.2,773245,5902,360,77.78
16:00,8.37,R8.2,773342,5483,360,0.00
16:00,8.66,R8.52,717292,5391,288,100.00
16:00,9.14,9,773317,5841,288,50.00
16:00,9.60,9.46,717296,5586,288,75.00
16:00,9.75,9.61,717301,6445,360,80.00
16:00,10.27,10.13,717303,6282,360,100.00
16:00,10.40,10.26,717308,7973,360,100.00
16:00,10.74,10.6,773330,6383,360,0.00
16:00,11.12,10.98,717312,7192,360,80.00
16:00,11.71,11.57,716235,4507,288,0.00
16:00,12.24,12.1,716237,7418,432,65.74
16:00,12.78,12.64,717318,8593,360,98.61
16:00,13.34,13.2,773409,6976,360,0.00
16:00,14.24,14.1,773460,6661,360,0.00
16:00,14.64,14.5,767722,6459,360,53.33
16:00,15.12,14.98,718453,5989,360,0.00
16:00,15.54,15.4,773424,5133,288,66.67
16:00,16.05,15.91,717322,4921,288,100.00
16:00,16.26,16.12,717328,5553,288,100.00
16:00,16.70,16.56,718123,5774,288,95.83
16:00,17.14,17,773473,5681,288,100.00
16:00,17.54,17.4,773492,4704,288,0.00
16:00,18.08,17.94,717332,4444,288,75.00
16:00,18.28,18.14,717334,4679,288,100.00
16:00,18.49,18.35,716254,5120,288,100.00
16:00,18.64,18.5,773520,5339,288,83.33
16:00,19.56,19.42,717340,4424,288,100.00
16:00,19.75,19.61,717343,3908,288,0.00
16:00,20.04,19.9,773505,5025,288,70.83
16:00,20.04,19.9,773507,6264,288,95.83
16:00,20.52,20.38,717346,4313,288,91.67
16:00,20.67,20.53,717352,3890,288,56.94
16:00,21.14,21,773535,5544,288,100.00
16:00,21.60,R21.46,717357,5138,288,0.00
16:00,21.83,R21.69,717358,5615,288,0.00
16:00,22.44,R22.3,716265,7745,288,0.00
16:00,22.64,R22.5,773439,7708,288,0.00
16:00,23.08,R22.94,718127,5615,288,0.00
16:00,23.44,R23.3,774164,7708,288,0.00
16:00,23.84,R23.7,774180,7708,288,0.00
16:00,24.34,R24.2,774947,6378,432,0.00
16:00,24.65,R24.512,766806,7333,432,94.44
16:00,25.14,R25,774927,6922,432,33.33
16:00,25.84,R25.7,766661,5095,288,0.00
16:00,27.94,R27.8,774475,6030,288,21.88
16:00,28.68,R28.54,766569,4146,288,0.00
16:00,29.11,R28.97,766600,4446,288,91.67
16:00,29.29,R29.15,766644,3980,288,0.00
16:00,29.65,R29.51,766620,4021,288,0.00
16:00,29.87,R29.73,766585,5170,288,0.00
16:00,30.51,R30.371,766843,5078,288,100.00
17:00,0.69,.52,717262,4959,216,0.00
17:00,1.17,R1,773281,8571,360,100.00
17:00,1.73,R1.56,717264,7676,360,0.00
17:00,2.22,R2.05,717265,7293,360,0.00
17:00,2.63,R2.46,717268,7444,360,80.00
17:00,3.25,R3.08,716213,5782,288,0.00
17:00,3.57,R3.4,773258,7478,288,0.00
17:00,3.97,R3.8,773274,6825,432,0.00
17:00,4.52,R4.35,717273,5586,360,83.33
17:00,4.74,R4.564,717279,6158,432,27.78
17:00,5.11,R4.936,768444,5474,360,73.33
17:00,5.59,R5.42,773222,4868,288,0.00
17:00,6.97,R6.8,773232,4624,288,83.33
17:00,7.47,R7.3,773304,4811,288,20.83
17:00,7.77,R7.6,773293,6159,360,33.33
17:00,7.91,R7.74,717285,4928,288,0.00
17:00,8.08,R7.91,717290,4469,288,0.00
17:00,8.37,R8.2,773245,5226,360,66.67
17:00,8.37,R8.2,773342,4934,360,0.00
17:00,8.66,R8.52,717292,4857,288,100.00
17:00,9.14,9,773317,5441,288,50.00
17:00,9.60,9.46,717296,5082,288,75.00
17:00,9.75,9.61,717301,5891,360,77.50
17:00,10.27,10.13,717303,5825,360,100.00
17:00,10.40,10.26,717308,7719,360,100.00
17:00,10.74,10.6,773330,6169,360,0.00
17:00,11.12,10.98,717312,6893,360,80.00
17:00,11.71,11.57,716235,4314,288,0.00
17:00,12.24,12.1,716237,7087,432,66.67
17:00,12.78,12.64,717318,8317,360,100.00
17:00,13.34,13.2,773409,6714,360,0.00
17:00,14.24,14.1,773460,6507,360,0.00
17:00,14.64,14.5,767722,6227,360,53.33
17:00,15.12,14.98,718453,5973,360,0.00
17:00,15.54,15.4,773424,4991,288,66.67
17:00,16.05,15.91,717322,4710,288,100.00
17:00,16.26,16.12,717328,5282,288,100.00
17:00,16.70,16.56,718123,5570,288,95.83
17:00,17.14,17,773473,5528,288,100.00
17:00,17.54,17.4,773492,4583,288,0.00
17:00,18.08,17.94,717332,4305,288,75.00
17:00,18.28,18.14,717334,4625,288,100.00
17:00,18.49,18.35,716254,5200,288,100.00
17:00,18.64,18.5,773520,5339,288,83.33
17:00,19.56,19.42,717340,4393,288,100.00
17:00,19.75,19.61,717343,3894,288,0.00
17:00,20.04,19.9,773505,4914,288,70.49
17:00,20.04,19.9,773507,6307,288,95.83
17:00,20.52,20.38,717346,4200,288,91.67
17:00,20.67,20.53,717352,3846,288,57.29
17:00,21.14,21,773535,5569,288,100.00
17:00,21.60,R21.46,717357,5112,288,0.00
17:00,21.83,R21.69,717358,5630,288,0.00
17:00,22.44,R22.3,716265,7692,288,0.00
17:00,22.64,R22.5,773439,7478,288,0.00
17:00,23.08,R22.94,718127,5630,288,0.00
17:00,23.44,R23.3,774164,7478,288,0.00
17:00,23.84,R23.7,774180,7478,288,0.00
17:00,24.34,R24.2,774947,6438,432,0.00
17:00,24.65,R24.512,766806,7370,432,94.44
17:00,25.14,R25,774927,6910,432,33.33
17:00,25.84,R25.7,766661,5286,288,0.00
17:00,27.94,R27.8,774475,6035,288,11.81
17:00,28.68,R28.54,766569,3869,288,0.00
17:00,29.11,R28.97,766600,4236,288,91.67
17:00,29.29,R29.15,766644,3763,288,0.00
17:00,29.65,R29.51,766620,4119,288,0.00
17:00,29.87,R29.73,766585,4975,288,0.00
17:00,30.51,R30.371,766843,4924,288,100.00
18:00,0.69,.52,717262,4683,216,0.00
18:00,1.17,R1,773281,7885,360,100.00
18:00,1.73,R1.56,717264,7244,360,0.00
18:00,2.22,R2.05,717265,6954,360,0.00
18:00,2.63,R2.46,717268,7057,360,80.00
18:00,3.25,R3.08,716213,5489,288,0.00
18:00,3.57,R3.4,773258,6812,288,0.00
18:00,3.97,R3.8,773274,6788,432,0.00
18:00,4.52,R4.35,717273,5643,360,83.33
18:00,4.74,R4.564,717279,6186,432,27.78
18:00,5.11,R4.936,768444,5638,360,73.33
18:00,5.59,R5.42,773222,4861,288,0.00
18:00,6.97,R6.8,773232,4804,288,83.33
18:00,7.47,R7.3,773304,4884,288,20.83
18:00,7.77,R7.6,773293,6251,360,33.33
18:00,7.91,R7.74,717285,4956,288,0.00
18:00,8.08,R7.91,717290,4522,288,0.00
18:00,8.37,R8.2,773245,5463,360,66.67
18:00,8.37,R8.2,773342,5178,360,0.00
18:00,8.66,R8.52,717292,5033,288,100.00
18:00,9.14,9,773317,5542,288,50.00
18:00,9.60,9.46,717296,5263,288,75.00
18:00,9.75,9.61,717301,5995,360,77.78
18:00,10.27,10.13,717303,6056,360,99.72
18:00,10.40,10.26,717308,7697,360,100.00
18:00,10.74,10.6,773330,6001,360,0.00
18:00,11.12,10.98,717312,6819,360,80.00
18:00,11.71,11.57,716235,4250,288,0.00
18:00,12.24,12.1,716237,7049,432,66.67
18:00,12.78,12.64,717318,8261,360,100.00
18:00,13.34,13.2,773409,6701,360,0.00
18:00,14.24,14.1,773460,6350,360,0.00
18:00,14.64,14.5,767722,6164,360,53.33
18:00,15.12,14.98,718453,5883,360,0.00
18:00,15.54,15.4,773424,5091,288,66.67
18:00,16.05,15.91,717322,4813,288,100.00
18:00,16.26,16.12,717328,5362,288,100.00
18:00,16.70,16.56,718123,5692,288,95.83
18:00,17.14,17,773473,5649,288,100.00
18:00,17.54,17.4,773492,4677,288,0.00
18:00,18.08,17.94,717332,4415,288,75.00
18:00,18.28,18.14,717334,4730,288,100.00
18:00,18.49,18.35,716254,5197,288,100.00
18:00,18.64,18.5,773520,5325,288,83.33
18:00,19.56,19.42,717340,4527,288,100.00
18:00,19.75,19.61,717343,3940,288,0.00
18:00,20.04,19.9,773505,5073,288,70.49
18:00,20.04,19.9,773507,5641,288,95.83
18:00,20.52,20.38,717346,4378,288,91.67
18:00,20.67,20.53,717352,3968,288,56.25
18:00,21.14,21,773535,5777,288,100.00
18:00,21.60,R21.46,717357,5295,288,0.00
18:00,21.83,R21.69,717358,5121,288,0.00
18:00,22.44,R22.3,716265,7369,288,0.00
18:00,22.64,R22.5,773439,6812,288,0.00
18:00,23.08,R22.94,718127,5121,288,0.00
18:00,23.44,R23.3,774164,6812,288,0.00
18:00,23.84,R23.7,774180,6812,288,0.00
18:00,24.34,R24.2,774947,6372,432,0.00
18:00,24.65,R24.512,766806,7313,432,94.44
18:00,25.14,R25,774927,6878,432,33.33
18:00,25.84,R25.7,766661,5059,288,0.00
18:00,27.94,R27.8,774475,6006,288,15.28
18:00,28.68,R28.54,766569,3870,288,0.00
18:00,29.11,R28.97,766600,4368,288,91.67
18:00,29.29,R29.15,766644,3765,288,0.00
18:00,29.65,R29.51,766620,4214,288,0.00
18:00,29.87,R29.73,766585,5337,288,0.00
18:00,30.51,R30.371,766843,5301,288,100.00
19:00,0.69,.52,717262,4332,216,0.00
19:00,1.17,R1,773281,7192,360,100.00
19:00,1.73,R1.56,717264,6713,360,0.00
19:00,2.22,R2.05,717265,5940,360,0.00
19:00,2.63,R2.46,717268,6524,360,80.00
19:00,3.25,R3.08,716213,5166,288,0.00
19:00,3.57,R3.4,773258,6041,288,0.00
19:00,3.97,R3.8,773274,6970,432,0.00
19:00,4.52,R4.35,717273,6134,360,83.33
19:00,4.74,R4.564,717279,6389,432,27.78
19:00,5.11,R4.936,768444,6182,360,73.33
19:00,5.59,R5.42,773222,4963,288,0.00
19:00,6.97,R6.8,773232,5341,288,83.33
19:00,7.47,R7.3,773304,5237,288,20.83
19:00,7.77,R7.6,773293,6713,360,33.33
19:00,7.91,R7.74,717285,5142,288,0.00
19:00,8.08,R7.91,717290,4762,288,0.00
19:00,8.37,R8.2,773245,6334,360,66.67
19:00,8.37,R8.2,773342,5624,360,0.00
19:00,8.66,R8.52,717292,5362,288,100.00
19:00,9.14,9,773317,5747,288,50.00
19:00,9.60,9.46,717296,5556,288,75.00
19:00,9.75,9.61,717301,6165,360,77.50
19:00,10.27,10.13,717303,6124,360,100.00
19:00,10.40,10.26,717308,7485,360,100.00
19:00,10.74,10.6,773330,5850,360,0.00
19:00,11.12,10.98,717312,6560,360,80.00
19:00,11.71,11.57,716235,4138,288,0.00
19:00,12.24,12.1,716237,6785,432,66.20
19:00,12.78,12.64,717318,7924,360,100.00
19:00,13.34,13.2,773409,6472,360,0.00
19:00,14.24,14.1,773460,6033,360,0.00
19:00,14.64,14.5,767722,6128,360,53.33
19:00,15.12,14.98,718453,5690,360,0.00
19:00,15.54,15.4,773424,5293,288,66.67
19:00,16.05,15.91,717322,4964,288,100.00
19:00,16.26,16.12,717328,5406,288,100.00
19:00,16.70,16.56,718123,5888,288,95.83
19:00,17.14,17,773473,5727,288,100.00
19:00,17.54,17.4,773492,4828,288,0.00
19:00,18.08,17.94,717332,4617,288,75.00
19:00,18.28,18.14,717334,4899,288,100.00
19:00,18.49,18.35,716254,5426,288,100.00
19:00,18.64,18.5,773520,5676,288,82.29
19:00,19.56,19.42,717340,4759,288,100.00
19:00,19.75,19.61,717343,3913,288,0.00
19:00,20.04,19.9,773505,5204,288,70.83
19:00,20.04,19.9,773507,4490,288,95.83
19:00,20.52,20.38,717346,4686,288,91.67
19:00,20.67,20.53,717352,4070,288,58.33
19:00,21.14,21,773535,6116,288,100.00
19:00,21.60,R21.46,717357,5519,288,0.00
19:00,21.83,R21.69,717358,4377,288,0.00
19:00,22.44,R22.3,716265,7099,288,0.00
19:00,22.64,R22.5,773439,6041,288,0.00
19:00,23.08,R22.94,718127,4377,288,0.00
19:00,23.44,R23.3,774164,6041,288,0.00
19:00,23.84,R23.7,774180,6041,288,0.00
19:00,24.34,R24.2,774947,6411,432,0.00
19:00,24.65,R24.512,766806,7357,432,94.44
19:00,25.14,R25,774927,6868,432,33.33
19:00,25.84,R25.7,766661,4811,288,0.00
19:00,27.94,R27.8,774475,5750,288,12.15
19:00,28.68,R28.54,766569,3820,288,0.00
19:00,29.11,R28.97,766600,4419,288,91.67
19:00,29.29,R29.15,766644,3753,288,0.00
19:00,29.65,R29.51,766620,4116,288,0.00
19:00,29.87,R29.73,766585,5481,288,0.00
19:00,30.51,R30.371,766843,5310,288,100.00
20:00,0.69,.52,717262,3803,216,0.00
20:00,1.17,R1,773281,6059,360,100.00
20:00,1.73,R1.56,717264,5893,360,0.00
20:00,2.22,R2.05,717265,4781,360,0.00
20:00,2.63,R2.46,717268,5656,360,80.00
20:00,3.25,R3.08,716213,4409,288,0.00
20:00,3.57,R3.4,773258,4807,288,0.00
20:00,3.97,R3.8,773274,6006,432,0.00
20:00,4.52,R4.35,717273,5442,360,91.67
20:00,4.74,R4.564,717279,5269,432,30.56
20:00,5.11,R4.936,768444,5858,360,81.39
20:00,5.59,R5.42,773222,4485,288,0.00
20:00,6.97,R6.8,773232,4950,288,91.67
20:00,7.47,R7.3,773304,4976,288,22.92
20:00,7.77,R7.6,773293,6481,360,36.67
20:00,7.91,R7.74,717285,5094,288,0.00
20:00,8.08,R7.91,717290,4301,288,0.00
20:00,8.37,R8.2,773245,6272,360,73.33
20:00,8.37,R8.2,773342,5264,360,0.00
20:00,8.66,R8.52,717292,5118,288,100.00
20:00,9.14,9,773317,5219,288,50.00
20:00,9.60,9.46,717296,5321,288,75.00
20:00,9.75,9.61,717301,5689,360,77.78
20:00,10.27,10.13,717303,5630,360,100.00
20:00,10.40,10.26,717308,6637,360,100.00
20:00,10.74,10.6,773330,5155,360,0.00
20:00,11.12,10.98,717312,5590,360,80.00
20:00,11.71,11.57,716235,3690,288,0.00
20:00,12.24,12.1,716237,5927,432,66.20
20:00,12.78,12.64,717318,6793,360,100.00
20:00,13.34,13.2,773409,5612,360,0.00
20:00,14.24,14.1,773460,5037,360,0.00
20:00,14.64,14.5,767722,5360,360,53.33
20:00,15.12,14.98,718453,4840,360,0.00
20:00,15.54,15.4,773424,4756,288,66.67
20:00,16.05,15.91,717322,4354,288,100.00
20:00,16.26,16.12,717328,4539,288,100.00
20:00,16.70,16.56,718123,5272,288,95.83
20:00,17.14,17,773473,5078,288,100.00
20:00,17.54,17.4,773492,4332,288,0.00
20:00,18.08,17.94,717332,4103,288,75.00
20:00,18.28,18.14,717334,4355,288,100.00
20:00,18.49,18.35,716254,4776,288,100.00
20:00,18.64,18.5,773520,5251,288,82.99
20:00,19.56,19.42,717340,4237,288,100.00
20:00,19.75,19.61,717343,3386,288,0.00
20:00,20.04,19.9,773505,4849,288,70.83
20:00,20.04,19.9,773507,3988,288,95.83
20:00,20.52,20.38,717346,4361,288,91.67
20:00,20.67,20.53,717352,3713,288,56.60
20:00,21.14,21,773535,6064,288,100.00
20:00,21.60,R21.46,717357,5487,288,0.00
20:00,21.83,R21.69,717358,3439,288,0.00
20:00,22.44,R22.3,716265,6029,288,0.00
20:00,22.64,R22.5,773439,4807,288,0.00
20:00,23.08,R22.94,718127,3439,288,0.00
20:00,23.44,R23.3,774164,4807,288,0.00
20:00,23.84,R23.7,774180,4807,288,0.00
20:00,24.34,R24.2,774947,6173,432,0.00
20:00,24.65,R24.512,766806,6838,432,94.44
20:00,25.14,R25,774927,6318,432,33.33
20:00,25.84,R25.7,766661,4387,288,0.00
20:00,27.94,R27.8,774475,4946,288,17.01
20:00,28.68,R28.54,766569,3282,288,0.00
20:00,29.11,R28.97,766600,3725,288,91.67
20:00,29.29,R29.15,766644,3151,288,0.00
20:00,29.65,R29.51,766620,3605,288,0.00
20:00,29.87,R29.73,766585,4875,288,0.00
20:00,30.51,R30.371,766843,4529,288,100.00
21:00,0.69,.52,717262,3103,216,0.00
21:00,1.17,R1,773281,4654,360,100.00
21:00,1.73,R1.56,717264,4811,360,0.00
21:00,2.22,R2.05,717265,3522,360,0.00
21:00,2.63,R2.46,717268,4291,360,80.00
21:00,3.25,R3.08,716213,3512,288,0.00
21:00,3.57,R3.4,773258,4391,288,0.00
21:00,3.97,R3.8,773274,4938,432,0.00
21:00,4.52,R4.35,717273,4240,360,100.00
21:00,4.74,R4.564,717279,4229,432,33.33
21:00,5.11,R4.936,768444,4710,360,90.00
21:00,5.59,R5.42,773222,3814,288,0.00
21:00,6.97,R6.8,773232,3945,288,100.00
21:00,7.47,R7.3,773304,4215,288,25.00
21:00,7.77,R7.6,773293,5465,360,40.00
21:00,7.91,R7.74,717285,4615,288,0.00
21:00,8.08,R7.91,717290,3588,288,0.00
21:00,8.37,R8.2,773245,5152,360,80.00
21:00,8.37,R8.2,773342,4381,360,0.00
21:00,8.66,R8.52,717292,4155,288,100.00
21:00,9.14,9,773317,4223,288,50.00
21:00,9.60,9.46,717296,4406,288,75.00
21:00,9.75,9.61,717301,4652,360,80.00
21:00,10.27,10.13,717303,4564,360,100.00
21:00,10.40,10.26,717308,5381,360,100.00
21:00,10.74,10.6,773330,4392,360,0.00
21:00,11.12,10.98,717312,4425,360,80.00
21:00,11.71,11.57,716235,3063,288,0.00
21:00,12.24,12.1,716237,4869,432,66.44
21:00,12.78,12.64,717318,5614,360,100.00
21:00,13.34,13.2,773409,4812,360,0.00
21:00,14.24,14.1,773460,4453,360,0.00
21:00,14.64,14.5,767722,4527,360,53.33
21:00,15.12,14.98,718453,4202,360,0.00
21:00,15.54,15.4,773424,4002,288,66.67
21:00,16.05,15.91,717322,3596,288,100.00
21:00,16.26,16.12,717328,3682,288,100.00
21:00,16.70,16.56,718123,4423,288,95.83
21:00,17.14,17,773473,4197,288,100.00
21:00,17.54,17.4,773492,3653,288,0.00
21:00,18.08,17.94,717332,3471,288,75.00
21:00,18.28,18.14,717334,3675,288,100.00
21:00,18.49,18.35,716254,4040,288,100.00
21:00,18.64,18.5,773520,4347,288,82.99
21:00,19.56,19.42,717340,3587,288,100.00
21:00,19.75,19.61,717343,2910,288,0.00
21:00,20.04,19.9,773505,4295,288,70.83
21:00,20.04,19.9,773507,3689,288,95.83
21:00,20.52,20.38,717346,3751,288,91.67
21:00,20.67,20.53,717352,3239,288,58.33
21:00,21.14,21,773535,5299,288,100.00
21:00,21.60,R21.46,717357,4935,288,0.00
21:00,21.83,R21.69,717358,3059,288,0.00
21:00,22.44,R22.3,716265,5519,288,0.00
21:00,22.64,R22.5,773439,4391,288,0.00
21:00,23.08,R22.94,718127,3059,288,0.00
21:00,23.44,R23.3,774164,4391,288,0.00
21:00,23.84,R23.7,774180,4391,288,0.00
21:00,24.34,R24.2,774947,5401,432,0.00
21:00,24.65,R24.512,766806,5829,432,94.44
21:00,25.14,R25,774927,5449,432,33.33
21:00,25.84,R25.7,766661,3814,288,0.00
21:00,27.94,R27.8,774475,4148,288,7.29
21:00,28.68,R28.54,766569,2802,288,0.00
21:00,29.11,R28.97,766600,3154,288,91.67
21:00,29.29,R29.15,766644,2764,288,0.00
21:00,29.65,R29.51,766620,2986,288,0.00
21:00,29.87,R29.73,766585,4246,288,0.00
21:00,30.51,R30.371,766843,3772,288,100.00
22:00,0.69,.52,717262,2862,216,0.00
22:00,1.17,R1,773281,4139,360,100.00
22:00,1.73,R1.56,717264,4441,360,0.00
22:00,2.22,R2.05,717265,3061,360,0.00
22:00,2.63,R2.46,717268,3780,360,80.00
22:00,3.25,R3.08,716213,3166,288,0.00
22:00,3.57,R3.4,773258,3668,288,0.00
22:00,3.97,R3.8,773274,4269,432,0.00
22:00,4.52,R4.35,717273,3523,360,100.00
22:00,4.74,R4.564,717279,3340,432,33.33
22:00,5.11,R4.936,768444,3822,360,90.00
22:00,5.59,R5.42,773222,3158,288,0.00
22:00,6.97,R6.8,773232,3260,288,100.00
22:00,7.47,R7.3,773304,3716,288,25.00
22:00,7.77,R7.6,773293,4801,360,40.00
22:00,7.91,R7.74,717285,4152,288,0.00
22:00,8.08,R7.91,717290,3104,288,0.00
22:00,8.37,R8.2,773245,4345,360,80.00
22:00,8.37,R8.2,773342,3742,360,0.00
22:00,8.66,R8.52,717292,3433,288,100.00
22:00,9.14,9,773317,3368,288,50.00
22:00,9.60,9.46,717296,3606,288,75.00
22:00,9.75,9.61,717301,3771,360,80.00
22:00,10.27,10.13,717303,3680,360,100.00
22:00,10.40,10.26,717308,4319,360,100.00
22:00,10.74,10.6,773330,3697,360,0.00
22:00,11.12,10.98,717312,3580,360,80.00
22:00,11.71,11.57,716235,2496,288,0.00
22:00,12.24,12.1,716237,3972,432,66.67
22:00,12.78,12.64,717318,4574,360,100.00
22:00,13.34,13.2,773409,4082,360,0.00
22:00,14.24,14.1,773460,3891,360,0.00
22:00,14.64,14.5,767722,3760,360,53.33
22:00,15.12,14.98,718453,3561,360,0.00
22:00,15.54,15.4,773424,3311,288,66.67
22:00,16.05,15.91,717322,3005,288,100.00
22:00,16.26,16.12,717328,3050,288,100.00
22:00,16.70,16.56,718123,3705,288,95.83
22:00,17.14,17,773473,3443,288,100.00
22:00,17.54,17.4,773492,3106,288,0.00
22:00,18.08,17.94,717332,2910,288,75.00
22:00,18.28,18.14,717334,3061,288,100.00
22:00,18.49,18.35,716254,3331,288,100.00
22:00,18.64,18.5,773520,3831,288,82.99
22:00,19.56,19.42,717340,2916,288,100.00
22:00,19.75,19.61,717343,2372,288,0.00
22:00,20.04,19.9,773505,3490,288,70.83
22:00,20.04,19.9,773507,3076,288,95.83
22:00,20.52,20.38,717346,2929,288,91.67
22:00,20.67,20.53,717352,2553,288,57.99
22:00,21.14,21,773535,4090,288,100.00
22:00,21.60,R21.46,717357,3786,288,0.00
22:00,21.83,R21.69,717358,2470,288,0.00
22:00,22.44,R22.3,716265,4758,288,0.00
22:00,22.64,R22.5,773439,3668,288,0.00
22:00,23.08,R22.94,718127,2470,288,0.00
22:00,23.44,R23.3,774164,3668,288,0.00
22:00,23.84,R23.7,774180,3668,288,0.00
22:00,24.34,R24.2,774947,4759,432,0.00
22:00,24.65,R24.512,766806,4919,432,94.21
22:00,25.14,R25,774927,4652,432,33.33
22:00,25.84,R25.7,766661,3171,288,0.00
22:00,27.94,R27.8,774475,3381,288,10.76
22:00,28.68,R28.54,766569,2443,288,0.00
22:00,29.11,R28.97,766600,2610,288,91.67
22:00,29.29,R29.15,766644,2394,288,0.00
22:00,29.65,R29.51,766620,2497,288,0.00
22:00,29.87,R29.73,766585,3533,288,0.00
22:00,30.51,R30.371,766843,2985,288,100.00
23:00,0.69,.52,717262,2143,216,0.00
23:00,1.17,R1,773281,2854,360,100.00
23:00,1.73,R1.56,717264,3324,360,0.00
23:00,2.22,R2.05,717265,2087,360,0.00
23:00,2.63,R2.46,717268,2548,360,80.00
23:00,3.25,R3.08,716213,2445,288,0.00
23:00,3.57,R3.4,773258,2477,288,0.00
23:00,3.97,R3.8,773274,3433,432,0.00
23:00,4.52,R4.35,717273,2470,360,100.00
23:00,4.74,R4.564,717279,2356,432,33.33
23:00,5.11,R4.936,768444,2666,360,90.00
23:00,5.59,R5.42,773222,2486,288,0.00
23:00,6.97,R6.8,773232,2252,288,100.00
23:00,7.47,R7.3,773304,2851,288,25.00
23:00,7.77,R7.6,773293,3562,360,40.00
23:00,7.91,R7.74,717285,3241,288,0.00
23:00,8.08,R7.91,717290,2384,288,0.00
23:00,8.37,R8.2,773245,3070,360,80.00
23:00,8.37,R8.2,773342,2872,360,0.00
23:00,8.66,R8.52,717292,2379,288,100.00
23:00,9.14,9,773317,2439,288,50.00
23:00,9.60,9.46,717296,2540,288,75.00
23:00,9.75,9.61,717301,2601,360,80.00
23:00,10.27,10.13,717303,2524,360,100.00
23:00,10.40,10.26,717308,2956,360,100.00
23:00,10.74,10.6,773330,2882,360,0.00
23:00,11.12,10.98,717312,2449,360,80.00
23:00,11.71,11.57,716235,1749,288,0.00
23:00,12.24,12.1,716237,2751,432,66.67
23:00,12.78,12.64,717318,3215,360,100.00
23:00,13.34,13.2,773409,3150,360,0.00
23:00,14.24,14.1,773460,2952,360,0.00
23:00,14.64,14.5,767722,2707,360,53.33
23:00,15.12,14.98,718453,2680,360,0.00
23:00,15.54,15.4,773424,2439,288,66.67
23:00,16.05,15.91,717322,2101,288,100.00
23:00,16.26,16.12,717328,2050,288,100.00
23:00,16.70,16.56,718123,2642,288,95.83
23:00,17.14,17,773473,2436,288,100.00
23:00,17.54,17.4,773492,2426,288,0.00
23:00,18.08,17.94,717332,2104,288,75.00
23:00,18.28,18.14,717334,2194,288,100.00
23:00,18.49,18.35,716254,2372,288,100.00
23:00,18.64,18.5,773520,2938,288,81.94
23:00,19.56,19.42,717340,2130,288,100.00
23:00,19.75,19.61,717343,1760,288,0.00
23:00,20.04,19.9,773505,2625,288,70.83
23:00,20.04,19.9,773507,2078,288,95.83
23:00,20.52,20.38,717346,2279,288,91.67
23:00,20.67,20.53,717352,1962,288,58.33
23:00,21.14,21,773535,3149,288,100.00
23:00,21.60,R21.46,717357,3076,288,0.00
23:00,21.83,R21.69,717358,1643,288,0.00
23:00,22.44,R22.3,716265,3237,288,0.00
23:00,22.64,R22.5,773439,2477,288,0.00
23:00,23.08,R22.94,718127,1643,288,0.00
23:00,23.44,R23.3,774164,2477,288,0.00
23:00,23.84,R23.7,774180,2477,288,0.00
23:00,24.34,R24.2,774947,3901,432,0.00
23:00,24.65,R24.512,766806,3640,432,94.44
23:00,25.14,R25,774927,3667,432,33.33
23:00,25.84,R25.7,766661,2460,288,0.00
23:00,27.94,R27.8,774475,2469,288,11.81
23:00,28.68,R28.54,766569,2039,288,0.00
23:00,29.11,R28.97,766600,2001,288,91.67
23:00,29.29,R29.15,766644,2005,288,0.00
23:00,29.65,R29.51,766620,1825,288,0.00
23:00,29.87,R29.73,766585,2808,288,0.00
23:00,30.51,R30.371,766843,2156,288,100.00
